[
{
    "model": "auth.user",
    "fields": {
        "password": "pbkdf2_sha256$24000$qbreOFM8i7Cs$3DhUytKXx2HmZz+FjRFP1hzsEYiyrdIPjyurQZzhBdk=",
        "last_login": "2017-05-25T22:21:06.718Z",
        "is_superuser": true,
        "username": "smz",
        "first_name": "",
        "last_name": "",
        "email": "erik@gartner.io",
        "is_staff": true,
        "is_active": true,
        "date_joined": "2017-01-23T22:42:38.874Z",
        "groups": [],
        "user_permissions": []
    }
},
{
    "model": "auth.user",
    "fields": {
        "password": "pbkdf2_sha256$24000$snLxEPCdTO9K$5cbsoXSx7sEQbdsbaPTE4jHKFTtGmOYPx/EPd6wlbKQ=",
        "last_login": "2017-08-24T16:22:53.361Z",
        "is_superuser": true,
        "username": "felicia",
        "first_name": "Felicia",
        "last_name": "Svilling",
        "email": "felicia@svilling.eu",
        "is_staff": true,
        "is_active": true,
        "date_joined": "2017-01-23T22:44:12Z",
        "groups": [],
        "user_permissions": []
    }
},
{
    "model": "auth.user",
    "fields": {
        "password": "pbkdf2_sha256$24000$SgGqYLdSNQua$ZYH1kJk/0QLfO+EltcuFn1PE/AQ2ZvBK7n0XRn9pGvs=",
        "last_login": "2017-05-18T14:14:08.088Z",
        "is_superuser": true,
        "username": "Johannes_J\u00f6rgensen",
        "first_name": "Johannes",
        "last_name": "J\u00f6rgensen",
        "email": "joergensen.arbete@gmail.com",
        "is_staff": true,
        "is_active": true,
        "date_joined": "2017-01-24T09:09:55Z",
        "groups": [],
        "user_permissions": []
    }
},
{
    "model": "auth.user",
    "fields": {
        "password": "pbkdf2_sha256$24000$TCixvJTeGh6M$4c4xfYyYRcQOMQ9Bru0IfxvLKQF//IRMfrrPqr3wlJE=",
        "last_login": "2017-04-27T18:35:07.171Z",
        "is_superuser": false,
        "username": "AnMu",
        "first_name": "Anton",
        "last_name": "Muller",
        "email": "kinganton93@gmail.com",
        "is_staff": false,
        "is_active": true,
        "date_joined": "2017-01-24T09:20:21Z",
        "groups": [],
        "user_permissions": []
    }
},
{
    "model": "auth.user",
    "fields": {
        "password": "pbkdf2_sha256$24000$DUDYQW5oMsi8$/PoMbY0Y07dxEUpGBnwdkHKRTUXa9yBeLqJXr82fNjI=",
        "last_login": "2017-04-05T20:07:55.096Z",
        "is_superuser": false,
        "username": "DeLi",
        "first_name": "Dennis",
        "last_name": "Lindberg",
        "email": "dennis.lindberg93@gmail.com",
        "is_staff": false,
        "is_active": true,
        "date_joined": "2017-01-24T09:20:43Z",
        "groups": [],
        "user_permissions": []
    }
},
{
    "model": "auth.user",
    "fields": {
        "password": "pbkdf2_sha256$24000$KFN2H2ZfWxpW$v96yVb21v3+YcxYR3sM6OVHVvZVJXQa8CNRT++WTL38=",
        "last_login": "2017-05-18T15:35:33.475Z",
        "is_superuser": false,
        "username": "MaLu",
        "first_name": "Martin",
        "last_name": "Lundmark",
        "email": "carlmartinlundmark@gmail.com",
        "is_staff": false,
        "is_active": true,
        "date_joined": "2017-01-24T09:21:28Z",
        "groups": [],
        "user_permissions": []
    }
},
{
    "model": "auth.user",
    "fields": {
        "password": "pbkdf2_sha256$24000$wmqhBHA2ByXo$uDoMgKKFll8+fY2oJo6Uuq4xJdy6gO1daLjpGx+FRQE=",
        "last_login": "2017-05-20T16:21:35.205Z",
        "is_superuser": false,
        "username": "EmHa",
        "first_name": "Emil",
        "last_name": "Hannu",
        "email": "emil.hannu@gmail.com",
        "is_staff": false,
        "is_active": true,
        "date_joined": "2017-01-24T09:22:08Z",
        "groups": [],
        "user_permissions": []
    }
},
{
    "model": "auth.user",
    "fields": {
        "password": "pbkdf2_sha256$24000$SJzoKwtgrMS5$dQBiX1TFTge9tYmFfD+LRcjrerZJqsdJj4K+ZJHoxbY=",
        "last_login": null,
        "is_superuser": false,
        "username": "JoB\u00e5",
        "first_name": "",
        "last_name": "",
        "email": "",
        "is_staff": false,
        "is_active": true,
        "date_joined": "2017-01-24T09:25:32.171Z",
        "groups": [],
        "user_permissions": []
    }
},
{
    "model": "auth.user",
    "fields": {
        "password": "pbkdf2_sha256$24000$blIlXuhrUVZu$o/eHe9JH3/yVhydTwObsBj6z8dsmoxaw82B+yahaQEg=",
        "last_login": "2017-05-19T23:04:35.252Z",
        "is_superuser": false,
        "username": "JeGy",
        "first_name": "Jerome",
        "last_name": "Gylling",
        "email": "alexgylling@gmail.com",
        "is_staff": false,
        "is_active": true,
        "date_joined": "2017-01-24T09:26:16Z",
        "groups": [],
        "user_permissions": []
    }
},
{
    "model": "auth.user",
    "fields": {
        "password": "pbkdf2_sha256$24000$gXkYKKIMIYtW$6RmFcSTPtDg4o17sgqvEvU9mZAGBff4LPNr09L+JyzM=",
        "last_login": null,
        "is_superuser": false,
        "username": "SeLu",
        "first_name": "Sebastian",
        "last_name": "Luszczak",
        "email": "ruby.carbunkle@gmail.com",
        "is_staff": false,
        "is_active": true,
        "date_joined": "2017-01-24T09:28:03Z",
        "groups": [],
        "user_permissions": []
    }
},
{
    "model": "auth.user",
    "fields": {
        "password": "pbkdf2_sha256$24000$I8XYgZo1woj4$Y1rWzf+JSLP7hgxBFCWaWu2SSt/Yqq/K5yl7ynZmhwc=",
        "last_login": "2017-05-15T16:18:03.212Z",
        "is_superuser": false,
        "username": "SeLi",
        "first_name": "Sebastian",
        "last_name": "Lindeberg",
        "email": "SebastianLindeberg@hotmail.com",
        "is_staff": false,
        "is_active": true,
        "date_joined": "2017-01-24T09:29:29Z",
        "groups": [],
        "user_permissions": []
    }
},
{
    "model": "auth.user",
    "fields": {
        "password": "pbkdf2_sha256$24000$FDy00CRA0BJU$X4DaiCfl5VkdXorf/lbYuak/a3terWrcagcfr86hiVE=",
        "last_login": null,
        "is_superuser": false,
        "username": "EmBe",
        "first_name": "",
        "last_name": "",
        "email": "",
        "is_staff": false,
        "is_active": true,
        "date_joined": "2017-01-24T09:30:14.497Z",
        "groups": [],
        "user_permissions": []
    }
},
{
    "model": "auth.user",
    "fields": {
        "password": "pbkdf2_sha256$24000$2o1HvPtUrX4Z$GbP/GpKD3poJUzng2g1gxO8RlEwivtDmpmiM5Q71ixM=",
        "last_login": "2017-01-26T11:12:48.636Z",
        "is_superuser": false,
        "username": "MaTe",
        "first_name": "",
        "last_name": "",
        "email": "",
        "is_staff": false,
        "is_active": true,
        "date_joined": "2017-01-24T09:30:58.596Z",
        "groups": [],
        "user_permissions": []
    }
},
{
    "model": "auth.user",
    "fields": {
        "password": "pbkdf2_sha256$24000$FMKgE07ntnSn$XGC+fnL94EtSoc4cb2VbkSrnfE4xTiSgNQMGdOQZgRs=",
        "last_login": "2017-04-08T17:50:37.722Z",
        "is_superuser": false,
        "username": "DeCe",
        "first_name": "Denniz",
        "last_name": "Cederquist",
        "email": "denniz.cederquist@gmail.com",
        "is_staff": false,
        "is_active": true,
        "date_joined": "2017-01-24T09:31:56Z",
        "groups": [],
        "user_permissions": []
    }
},
{
    "model": "auth.user",
    "fields": {
        "password": "pbkdf2_sha256$24000$DhTumR1vfiER$HJqx6nlumFA9e7cIleeLvhxC5DolBD/E48x+5ukvh7E=",
        "last_login": "2017-08-11T16:13:06.211Z",
        "is_superuser": false,
        "username": "MaOr",
        "first_name": "Max",
        "last_name": "Ortman",
        "email": "phyrean@gmail.com",
        "is_staff": false,
        "is_active": true,
        "date_joined": "2017-01-24T09:32:41Z",
        "groups": [],
        "user_permissions": []
    }
},
{
    "model": "auth.user",
    "fields": {
        "password": "pbkdf2_sha256$24000$Ggly9Q9VraB4$1rzi7W9iV0oq3XsD4wQwL0I/rqYgnRiWk8XSo3qDPiA=",
        "last_login": "2017-05-20T13:34:40.167Z",
        "is_superuser": false,
        "username": "TiOl",
        "first_name": "Tim",
        "last_name": "Olsson",
        "email": "olsson.ti@gmail.com",
        "is_staff": false,
        "is_active": true,
        "date_joined": "2017-01-24T09:33:18Z",
        "groups": [],
        "user_permissions": []
    }
},
{
    "model": "auth.user",
    "fields": {
        "password": "pbkdf2_sha256$24000$j2EwLxwgO9N7$MdUC9k6OHtumX6sfHBjeqCrNgwAtabV7dFswNYq4eYo=",
        "last_login": "2017-05-15T20:31:51.267Z",
        "is_superuser": false,
        "username": "DeNi",
        "first_name": "Dennis",
        "last_name": "Nilsson",
        "email": "jester9322@gmail.com",
        "is_staff": false,
        "is_active": true,
        "date_joined": "2017-01-24T09:34:01Z",
        "groups": [],
        "user_permissions": []
    }
},
{
    "model": "auth.user",
    "fields": {
        "password": "pbkdf2_sha256$24000$FzScng8MjsPT$OwlZi71SUCF14A/JzEeqMiv0bwTV/fG/LUFJEM8zMXo=",
        "last_login": "2017-05-20T15:12:12.538Z",
        "is_superuser": false,
        "username": "ToKr",
        "first_name": "Tomas",
        "last_name": "Kronvall",
        "email": "tomas@cernael.com",
        "is_staff": false,
        "is_active": true,
        "date_joined": "2017-01-24T09:34:46Z",
        "groups": [],
        "user_permissions": []
    }
},
{
    "model": "auth.user",
    "fields": {
        "password": "pbkdf2_sha256$24000$voBPtcrkeMev$O7kAoTkQpatSO31wX0CEKjbaEuhpFe9735gMjuk3AyY=",
        "last_login": "2017-05-15T16:06:41.472Z",
        "is_superuser": false,
        "username": "PeBj",
        "first_name": "Peter",
        "last_name": "Bj\u00f6rklund",
        "email": "Petter_k_bjorklund@hotmail.com",
        "is_staff": false,
        "is_active": true,
        "date_joined": "2017-01-24T09:35:28Z",
        "groups": [],
        "user_permissions": []
    }
},
{
    "model": "auth.user",
    "fields": {
        "password": "pbkdf2_sha256$24000$PYd6sSOjXeH2$zlXXnAPHtHZLCu01kiH/PRk6z9bI3H0ENzXwixvolQk=",
        "last_login": "2017-05-20T16:00:53.591Z",
        "is_superuser": false,
        "username": "SaMa",
        "first_name": "Sara",
        "last_name": "Magnusson",
        "email": "srmgnssn@gmail.com",
        "is_staff": false,
        "is_active": true,
        "date_joined": "2017-01-24T09:35:59Z",
        "groups": [],
        "user_permissions": []
    }
},
{
    "model": "auth.user",
    "fields": {
        "password": "pbkdf2_sha256$24000$X0WpJenZcxZC$DX/+VxYFIxVbcrXB78YEH1IFgey+MxN4aukzAATpgMo=",
        "last_login": "2017-05-20T14:07:48.444Z",
        "is_superuser": false,
        "username": "AnNi",
        "first_name": "Angelika",
        "last_name": "Nilsson",
        "email": "angelika@nanunanu.se",
        "is_staff": false,
        "is_active": true,
        "date_joined": "2017-01-24T09:36:30Z",
        "groups": [],
        "user_permissions": []
    }
},
{
    "model": "auth.user",
    "fields": {
        "password": "pbkdf2_sha256$24000$BUhrd8wCrPiu$qNuj6Ew+sywsNsLcwgJJ3NTVY1fjqO70kBBaSdw5hLc=",
        "last_login": "2017-05-19T22:20:17.520Z",
        "is_superuser": false,
        "username": "HaRe",
        "first_name": "Hannes",
        "last_name": "Reventlid",
        "email": "en_snubbe15@hotmail.com",
        "is_staff": false,
        "is_active": true,
        "date_joined": "2017-01-24T09:37:33Z",
        "groups": [],
        "user_permissions": []
    }
},
{
    "model": "auth.user",
    "fields": {
        "password": "pbkdf2_sha256$24000$kFMIZWrgAjWq$PIhQpnMqBPTtSSQPcfCTA4m219o/sdbrGgUICoYHYiE=",
        "last_login": "2017-05-20T15:46:43.118Z",
        "is_superuser": false,
        "username": "JaAn",
        "first_name": "Janni",
        "last_name": "Andersen",
        "email": "janni.andersen@live.se",
        "is_staff": false,
        "is_active": true,
        "date_joined": "2017-01-24T09:38:34Z",
        "groups": [],
        "user_permissions": []
    }
},
{
    "model": "auth.user",
    "fields": {
        "password": "pbkdf2_sha256$24000$34W0SNJlRPDk$vNEFenGEsidBKNXmc6m9Z9MMrVKE7PCKWmBcrkuTp4Q=",
        "last_login": "2017-01-26T08:35:31.279Z",
        "is_superuser": false,
        "username": "ChBo",
        "first_name": "",
        "last_name": "",
        "email": "",
        "is_staff": false,
        "is_active": true,
        "date_joined": "2017-01-24T09:39:14.516Z",
        "groups": [],
        "user_permissions": []
    }
},
{
    "model": "auth.user",
    "fields": {
        "password": "pbkdf2_sha256$24000$zTkU1mfYAEOZ$H9EHrtJTNYL9X/FkKWJYOEbfkUYPOlOVPU6Udegzjhs=",
        "last_login": "2017-05-20T11:13:57.249Z",
        "is_superuser": false,
        "username": "HeRo",
        "first_name": "Henrik",
        "last_name": "Roos",
        "email": "xetroxerion@gmail.com",
        "is_staff": false,
        "is_active": true,
        "date_joined": "2017-01-24T09:40:03Z",
        "groups": [],
        "user_permissions": []
    }
},
{
    "model": "auth.user",
    "fields": {
        "password": "pbkdf2_sha256$24000$d3idLYSpCRmd$mFZj2yYKZT+x/Flr7e+828CjJAq1nkn5hxNL17o82uE=",
        "last_login": "2017-05-15T08:14:43.963Z",
        "is_superuser": false,
        "username": "JoAl",
        "first_name": "Jonas",
        "last_name": "Ahlg\u00e5rd",
        "email": "joniebonie9110@hotmail.com",
        "is_staff": false,
        "is_active": true,
        "date_joined": "2017-01-24T09:40:38Z",
        "groups": [],
        "user_permissions": []
    }
},
{
    "model": "auth.user",
    "fields": {
        "password": "pbkdf2_sha256$24000$7pzv7Rf8PGd8$B43riW10tKvuJtGUnJpxQr/CdAHAXyiypLYXcriNCQg=",
        "last_login": "2017-05-25T22:25:41.655Z",
        "is_superuser": false,
        "username": "erik_test",
        "first_name": "erik",
        "last_name": "test konto",
        "email": "",
        "is_staff": false,
        "is_active": true,
        "date_joined": "2017-01-24T12:03:44Z",
        "groups": [],
        "user_permissions": []
    }
},
{
    "model": "auth.user",
    "fields": {
        "password": "pbkdf2_sha256$24000$j42gDDTxpXGq$+jsR5Evbnt9iduFQsKcE3GDM+pYsdO6cB/z4vnNp/Ng=",
        "last_login": "2017-05-15T07:25:05.507Z",
        "is_superuser": false,
        "username": "JoJ\u00f6",
        "first_name": "",
        "last_name": "",
        "email": "",
        "is_staff": false,
        "is_active": true,
        "date_joined": "2017-01-24T15:19:08.271Z",
        "groups": [],
        "user_permissions": []
    }
},
{
    "model": "auth.user",
    "fields": {
        "password": "pbkdf2_sha256$24000$LyWAr0P3k7sj$4jSE79SHJd/wpL1P4aQOB7nbRYos7I08KRT1QWPqiiE=",
        "last_login": "2017-04-07T16:22:23.497Z",
        "is_superuser": true,
        "username": "Frans",
        "first_name": "",
        "last_name": "",
        "email": "",
        "is_staff": true,
        "is_active": true,
        "date_joined": "2017-01-24T20:31:15Z",
        "groups": [],
        "user_permissions": []
    }
},
{
    "model": "auth.user",
    "fields": {
        "password": "pbkdf2_sha256$24000$6MZFRxYDG2mB$vfpcMInErglk26JLoUekey4HSxa+sbOK5XoA/wT/3Ho=",
        "last_login": "2017-04-05T20:24:41.284Z",
        "is_superuser": false,
        "username": "MaDa",
        "first_name": "Matilda",
        "last_name": "Dahl",
        "email": "matilda.l.dahl89@gmail.com",
        "is_staff": false,
        "is_active": true,
        "date_joined": "2017-01-24T20:58:13Z",
        "groups": [],
        "user_permissions": []
    }
},
{
    "model": "auth.user",
    "fields": {
        "password": "pbkdf2_sha256$24000$ZBgZyxWsVmp5$afLBFrqHT+KYDukE9u9BjOc4XWeghlLJNc/XNjx2/NA=",
        "last_login": "2017-02-11T18:31:44.328Z",
        "is_superuser": false,
        "username": "FrS\u00f6",
        "first_name": "Fredrik",
        "last_name": "S\u00f6derqvist",
        "email": "",
        "is_staff": false,
        "is_active": true,
        "date_joined": "2017-02-11T18:28:31Z",
        "groups": [],
        "user_permissions": []
    }
},
{
    "model": "auth.user",
    "fields": {
        "password": "pbkdf2_sha256$24000$IxoZN2li91Su$zv4hx/xTze2FkNbadD3ZSIBXAZuysCmZdvUYJU1jkdM=",
        "last_login": "2017-03-03T14:16:12.603Z",
        "is_superuser": false,
        "username": "xia",
        "first_name": "",
        "last_name": "",
        "email": "",
        "is_staff": false,
        "is_active": true,
        "date_joined": "2017-02-27T18:51:08.761Z",
        "groups": [],
        "user_permissions": []
    }
},
{
    "model": "auth.user",
    "fields": {
        "password": "pbkdf2_sha256$24000$fc7pCqpL09Sr$W+1mtkbOGhOKlbk3MA6O5P2SpJPHmeYrSszkVlkWmJU=",
        "last_login": "2017-03-03T14:15:55.213Z",
        "is_superuser": false,
        "username": "lo",
        "first_name": "",
        "last_name": "",
        "email": "",
        "is_staff": false,
        "is_active": true,
        "date_joined": "2017-02-27T19:46:01.712Z",
        "groups": [],
        "user_permissions": []
    }
},
{
    "model": "auth.user",
    "fields": {
        "password": "pbkdf2_sha256$24000$VmLJext3FIVG$eAoLtHrHXZ0urtTor8Kj8DkzShpU30r9C8z5Zra73JM=",
        "last_login": "2017-05-15T12:10:00.919Z",
        "is_superuser": false,
        "username": "WaHa",
        "first_name": "Wander",
        "last_name": "Havir",
        "email": "oliver.havir@gmail.com",
        "is_staff": false,
        "is_active": true,
        "date_joined": "2017-03-27T16:33:54Z",
        "groups": [],
        "user_permissions": []
    }
},
{
    "model": "auth.user",
    "fields": {
        "password": "pbkdf2_sha256$24000$AAWdmTIm7gI2$X5fWaoN5VKkKspcrzDx+f+zxs0+E0Vmo1wP9cInRiys=",
        "last_login": "2017-05-20T16:23:12.094Z",
        "is_superuser": false,
        "username": "OrSv",
        "first_name": "Orion",
        "last_name": "Sveinsson",
        "email": "orion1323@outlook.com",
        "is_staff": false,
        "is_active": true,
        "date_joined": "2017-03-27T16:34:10Z",
        "groups": [],
        "user_permissions": []
    }
},
{
    "model": "auth.user",
    "fields": {
        "password": "pbkdf2_sha256$24000$Pb7ShxKx6uUP$mYARJFZkxzJQ0tZhvIpTflScPYhhQ9Ne8egwotFeakU=",
        "last_login": "2017-05-20T14:16:08.630Z",
        "is_superuser": false,
        "username": "DaSt",
        "first_name": "Daniel",
        "last_name": "Str\u00f6mholm",
        "email": "stromholm@gmail.com",
        "is_staff": false,
        "is_active": true,
        "date_joined": "2017-04-02T11:51:30Z",
        "groups": [],
        "user_permissions": []
    }
},
{
    "model": "auth.user",
    "fields": {
        "password": "pbkdf2_sha256$24000$shpdIU5ksqLw$3EZjGU8W62Wh9qmq3gI5preZ5BcSw1GHVpqemp1DEfA=",
        "last_login": "2017-05-20T04:36:45.244Z",
        "is_superuser": false,
        "username": "NaJo",
        "first_name": "Nathaniel",
        "last_name": "Johansson",
        "email": "kratash@gmail.com",
        "is_staff": false,
        "is_active": true,
        "date_joined": "2017-05-02T14:36:40Z",
        "groups": [],
        "user_permissions": []
    }
},
{
    "model": "auth.user",
    "fields": {
        "password": "pbkdf2_sha256$24000$iDFhntKfb8C4$O1RENv0FVdj7UIwQ27vtwKMXWohQjFrJKGjBv6iLSB0=",
        "last_login": "2017-08-24T15:43:56.209Z",
        "is_superuser": false,
        "username": "lola",
        "first_name": "",
        "last_name": "",
        "email": "",
        "is_staff": false,
        "is_active": true,
        "date_joined": "2017-07-25T21:08:58.699Z",
        "groups": [],
        "user_permissions": []
    }
},
{
    "model": "auth.user",
    "fields": {
        "password": "pbkdf2_sha256$24000$QLNPajhju7Vp$i7VtzVvOb1bMfYKE45AD94rENfRRqJjvD69MuUU6fJw=",
        "last_login": null,
        "is_superuser": false,
        "username": "AxJu",
        "first_name": "",
        "last_name": "",
        "email": "",
        "is_staff": false,
        "is_active": true,
        "date_joined": "2017-08-23T18:48:31.945Z",
        "groups": [],
        "user_permissions": []
    }
},
{
    "model": "auth.user",
    "fields": {
        "password": "pbkdf2_sha256$24000$NXwaR0WDEcpW$szsERRimn6/FqTf+XMEW3M77y/7efmGQiI6h9J6N+Is=",
        "last_login": "2017-08-27T15:39:54.861Z",
        "is_superuser": false,
        "username": "AnAs",
        "first_name": "",
        "last_name": "",
        "email": "",
        "is_staff": false,
        "is_active": true,
        "date_joined": "2017-08-23T18:49:13.327Z",
        "groups": [],
        "user_permissions": []
    }
},
{
    "model": "auth.user",
    "fields": {
        "password": "pbkdf2_sha256$24000$8Rcbv3O35JV9$mZs8zAPx5qVUIHzkKrcSuMv0Ubp+pHLn/NDE+gdX4vg=",
        "last_login": null,
        "is_superuser": false,
        "username": "ErWe",
        "first_name": "",
        "last_name": "",
        "email": "",
        "is_staff": false,
        "is_active": true,
        "date_joined": "2017-08-23T18:50:00.734Z",
        "groups": [],
        "user_permissions": []
    }
},
{
    "model": "auth.user",
    "fields": {
        "password": "pbkdf2_sha256$24000$Ge52xIbTd1Cz$sT6eT+1bDPRU9M0HuX5S3riV3SNtPygnEqBQYH0DQU4=",
        "last_login": null,
        "is_superuser": false,
        "username": "ArKa",
        "first_name": "",
        "last_name": "",
        "email": "",
        "is_staff": false,
        "is_active": true,
        "date_joined": "2017-08-23T18:51:27.245Z",
        "groups": [],
        "user_permissions": []
    }
},
{
    "model": "auth.user",
    "fields": {
        "password": "pbkdf2_sha256$24000$ks8c0bBtAnVo$zdjK4fQMja7t0sMzDzhSeP7VIZyxtuEFA6pkyC06024=",
        "last_login": null,
        "is_superuser": false,
        "username": "FrLu",
        "first_name": "",
        "last_name": "",
        "email": "",
        "is_staff": false,
        "is_active": true,
        "date_joined": "2017-08-23T18:52:04.598Z",
        "groups": [],
        "user_permissions": []
    }
},
{
    "model": "auth.user",
    "fields": {
        "password": "pbkdf2_sha256$24000$exnEWuvlxG3d$RhMGYf7JMpQKbnxWiQx/w9R87JL1vTpOYti0+Bar58E=",
        "last_login": null,
        "is_superuser": false,
        "username": "ToMi",
        "first_name": "",
        "last_name": "",
        "email": "",
        "is_staff": false,
        "is_active": true,
        "date_joined": "2017-08-23T18:52:33.277Z",
        "groups": [],
        "user_permissions": []
    }
},
{
    "model": "auth.user",
    "fields": {
        "password": "pbkdf2_sha256$24000$IBN0lGnK6XBL$OBnkN5AVIV1HdN1T0M8xVEVc7aF0DTbP6rMkHNK4xcY=",
        "last_login": null,
        "is_superuser": false,
        "username": "LiAn",
        "first_name": "",
        "last_name": "",
        "email": "",
        "is_staff": false,
        "is_active": true,
        "date_joined": "2017-08-23T18:54:00.250Z",
        "groups": [],
        "user_permissions": []
    }
},
{
    "model": "auth.user",
    "fields": {
        "password": "pbkdf2_sha256$24000$I0q5Y9oijwYr$zQiqB5AhhDi3SGcs7f2xnv9Gi5qmThTJDgahuT311fM=",
        "last_login": null,
        "is_superuser": false,
        "username": "JoSw",
        "first_name": "",
        "last_name": "",
        "email": "",
        "is_staff": false,
        "is_active": true,
        "date_joined": "2017-08-23T18:55:22.797Z",
        "groups": [],
        "user_permissions": []
    }
},
{
    "model": "auth.user",
    "fields": {
        "password": "pbkdf2_sha256$24000$tDq5Tyb9zwXW$sXNoUbMcyEd/+6g7MHTZC+VuHfLnoD3sDME9LKUazaM=",
        "last_login": null,
        "is_superuser": false,
        "username": "MiBe",
        "first_name": "",
        "last_name": "",
        "email": "",
        "is_staff": false,
        "is_active": true,
        "date_joined": "2017-08-23T18:56:18.688Z",
        "groups": [],
        "user_permissions": []
    }
},
{
    "model": "auth.user",
    "fields": {
        "password": "pbkdf2_sha256$24000$Oshl8LgLU4AL$FOIFD/Vf5b7bDsKDBk8zLS2MClqvoHwjn6yjGzhmo08=",
        "last_login": null,
        "is_superuser": false,
        "username": "BeJe",
        "first_name": "",
        "last_name": "",
        "email": "",
        "is_staff": false,
        "is_active": true,
        "date_joined": "2017-08-23T18:56:59.615Z",
        "groups": [],
        "user_permissions": []
    }
},
{
    "model": "auth.user",
    "fields": {
        "password": "pbkdf2_sha256$24000$wbhNe3oeBtlK$snbXh2ADXx8llp3e+uPBERlI2UjdzApvRcuPmtCVBS4=",
        "last_login": null,
        "is_superuser": false,
        "username": "ErWa",
        "first_name": "",
        "last_name": "",
        "email": "",
        "is_staff": false,
        "is_active": true,
        "date_joined": "2017-08-23T18:57:20.128Z",
        "groups": [],
        "user_permissions": []
    }
},
{
    "model": "auth.user",
    "fields": {
        "password": "pbkdf2_sha256$24000$GELdw5CrJQPI$AZVd7Kn3R4UfnuDv33aJWdYzcNSEr3oXwx8haJWbivM=",
        "last_login": null,
        "is_superuser": false,
        "username": "ElAn",
        "first_name": "",
        "last_name": "",
        "email": "",
        "is_staff": false,
        "is_active": true,
        "date_joined": "2017-08-23T18:58:21.616Z",
        "groups": [],
        "user_permissions": []
    }
},
{
    "model": "auth.user",
    "fields": {
        "password": "pbkdf2_sha256$24000$MEhq7CKT1WOF$6f0AWhUkqNoOfmjsIoCgqq7kY7mbSaCuYgC0JZ5FNdo=",
        "last_login": null,
        "is_superuser": false,
        "username": "MiAa",
        "first_name": "",
        "last_name": "",
        "email": "",
        "is_staff": false,
        "is_active": true,
        "date_joined": "2017-08-23T19:00:14.199Z",
        "groups": [],
        "user_permissions": []
    }
},
{
    "model": "auth.user",
    "fields": {
        "password": "pbkdf2_sha256$24000$ZReQcoZ7DkSp$rK6dYSPQZGEJCm6aN90zDfL/se7LYhgq85WG5k2YpeM=",
        "last_login": null,
        "is_superuser": false,
        "username": "FrWi",
        "first_name": "",
        "last_name": "",
        "email": "",
        "is_staff": false,
        "is_active": true,
        "date_joined": "2017-08-26T21:18:26.937Z",
        "groups": [],
        "user_permissions": []
    }
},
{
    "model": "auth.user",
    "fields": {
        "password": "pbkdf2_sha256$24000$IZJdrg8e4iNi$FCMxNdPforf7pPMJfeN9ZzlAXvTSE4CjC0EK6RlZ2Vo=",
        "last_login": null,
        "is_superuser": false,
        "username": "ThHa",
        "first_name": "",
        "last_name": "",
        "email": "",
        "is_staff": false,
        "is_active": true,
        "date_joined": "2017-08-26T21:18:48.667Z",
        "groups": [],
        "user_permissions": []
    }
},
{
    "model": "auth.user",
    "fields": {
        "password": "pbkdf2_sha256$24000$GLBPUdiOZeWI$dyYLwa+4QwH3OjanUQ73jyeYzmtemY0JlyoY0LcG5Aw=",
        "last_login": null,
        "is_superuser": false,
        "username": "KrSo",
        "first_name": "",
        "last_name": "",
        "email": "",
        "is_staff": false,
        "is_active": true,
        "date_joined": "2017-08-26T21:19:43.946Z",
        "groups": [],
        "user_permissions": []
    }
},
{
    "model": "sites.site",
    "pk": 1,
    "fields": {
        "domain": "example.com",
        "name": "example.com"
    }
},
{
    "model": "django_comments.comment",
    "pk": 1,
    "fields": {
        "content_type": [
            "players",
            "action"
        ],
        "object_pk": "99",
        "site": 1,
        "user": [
            "felicia"
        ],
        "user_name": "felicia",
        "user_email": "email@mail.com",
        "user_url": "",
        "comment": "Thordon is doing the following actions, you can if you want you can chose one of these actions and set a scene to intervene in: \r\n\r\n1. Thordon is conserving K\u00e4rnkraftverket.\r\n\r\n2. Thordon is investigating Samuel Lilja's downtime actions.\r\n\r\n3. Thordon is doing counter espionage.\r\n\r\n4. Thordon is investigating: Jag vill unders\u00f6ka Sp\u00f6ket som jag fick p\u00e5 brev fr\u00e5n en av mina hooks.\r\nJag vill veta vem det var/\u00e4r.\r\nVad det vill och vad jag kan f\u00e5 ut av det.",
        "submit_date": "2017-03-07T21:16:05.412Z",
        "ip_address": "172.17.0.1",
        "is_public": true,
        "is_removed": false
    }
},
{
    "model": "django_comments.comment",
    "pk": 2,
    "fields": {
        "content_type": [
            "players",
            "action"
        ],
        "object_pk": "381",
        "site": 1,
        "user": [
            "felicia"
        ],
        "user_name": "felicia",
        "user_email": "email@mail.com",
        "user_url": "",
        "comment": "Thordon is doing the following actions, you can if you want you can chose one of these actions and set a scene to intervene in: \r\n\r\n1. Diakon Whinther is conserving \u00c5ngsholmen.\r\n\r\n2. Diakon Whinther is mentoring Filch on Fortitude.\r\n\r\n3. Diakon Whinther is learning Potence. With Filch as teacher.\r\n\r\n4. Diakon Whinther is resting.\r\n\r\n5. Diakon Whinther is conserving Innerstaden.\r\n\r\n6. Diakon Whinther is investigating: Tatot demonen. Har f\u00e5tt info fr\u00e5n Sheriffen om detta.\r\n\r\n7. Diakon Whinther is investing in the weapon Explosives.",
        "submit_date": "2017-03-07T21:19:58.218Z",
        "ip_address": "172.17.0.1",
        "is_public": true,
        "is_removed": false
    }
},
{
    "model": "django_comments.comment",
    "pk": 3,
    "fields": {
        "content_type": [
            "players",
            "action"
        ],
        "object_pk": "142",
        "site": 1,
        "user": [
            "felicia"
        ],
        "user_name": "felicia",
        "user_email": "email@mail.com",
        "user_url": "",
        "comment": "Att Camarillan faller och att Liliths mysterier g\u00e5r f\u00f6rlorade.",
        "submit_date": "2017-03-07T21:35:28.068Z",
        "ip_address": "172.17.0.1",
        "is_public": true,
        "is_removed": false
    }
},
{
    "model": "django_comments.comment",
    "pk": 4,
    "fields": {
        "content_type": [
            "players",
            "action"
        ],
        "object_pk": "246",
        "site": 1,
        "user": [
            "felicia"
        ],
        "user_name": "felicia",
        "user_email": "email@mail.com",
        "user_url": "",
        "comment": "Diakon Whinther declined to answer and does now owe you one enkel g\u00e4ld.",
        "submit_date": "2017-03-07T21:47:39.447Z",
        "ip_address": "172.17.0.1",
        "is_public": true,
        "is_removed": false
    }
},
{
    "model": "django_comments.comment",
    "pk": 5,
    "fields": {
        "content_type": [
            "players",
            "action"
        ],
        "object_pk": "440",
        "site": 1,
        "user": [
            "felicia"
        ],
        "user_name": "felicia",
        "user_email": "email@mail.com",
        "user_url": "",
        "comment": "Marion answers that: Jag sk\u00e4mdes att ber\u00e4tta det f\u00f6rst och sen n\u00e4r kv\u00e4llen var slut s\u00e5 ber\u00e4tta jag hemma",
        "submit_date": "2017-03-07T21:53:08.589Z",
        "ip_address": "172.17.0.1",
        "is_public": true,
        "is_removed": false
    }
},
{
    "model": "django_comments.comment",
    "pk": 6,
    "fields": {
        "content_type": [
            "players",
            "action"
        ],
        "object_pk": "143",
        "site": 1,
        "user": [
            "felicia"
        ],
        "user_name": "felicia",
        "user_email": "email@mail.com",
        "user_url": "",
        "comment": "Lydias st\u00f6rsta r\u00e4dsla \u00e4r att f\u00f6rlora sin makt.",
        "submit_date": "2017-03-07T22:20:16.291Z",
        "ip_address": "172.17.0.1",
        "is_public": true,
        "is_removed": false
    }
},
{
    "model": "django_comments.comment",
    "pk": 7,
    "fields": {
        "content_type": [
            "players",
            "action"
        ],
        "object_pk": "100",
        "site": 1,
        "user": [
            "felicia"
        ],
        "user_name": "felicia",
        "user_email": "email@mail.com",
        "user_url": "",
        "comment": "Man ska egentligen inte kunna skaffa equipment som ger bonus p\u00e5 combat. Kan du t\u00e4nka dig att skaffa ett annat equipment, eller ett vapen?",
        "submit_date": "2017-03-07T22:37:24.535Z",
        "ip_address": "172.17.0.1",
        "is_public": true,
        "is_removed": false
    }
},
{
    "model": "django_comments.comment",
    "pk": 8,
    "fields": {
        "content_type": [
            "players",
            "action"
        ],
        "object_pk": "412",
        "site": 1,
        "user": [
            "felicia"
        ],
        "user_name": "felicia",
        "user_email": "email@mail.com",
        "user_url": "",
        "comment": "Jag k\u00e4nner till generella hot mot Camarillan men det har ingenting med klan\u00e4ldste att g\u00f6ra",
        "submit_date": "2017-03-07T23:07:37.749Z",
        "ip_address": "172.17.0.1",
        "is_public": true,
        "is_removed": false
    }
},
{
    "model": "django_comments.comment",
    "pk": 9,
    "fields": {
        "content_type": [
            "players",
            "action"
        ],
        "object_pk": "458",
        "site": 1,
        "user": [
            "felicia"
        ],
        "user_name": "felicia",
        "user_email": "email@mail.com",
        "user_url": "",
        "comment": "Samuel Lilja is doing the following actions, you can if you want you can chose one of these actions and set a scene to intervene in:\r\n\r\n1. Samuel Lilja is investigating: Det finns en sekt-liknande organisation med korrupta byr\u00e5krater i kommunen som kallas Deltagarna. Jag vill ta reda p\u00e5 vilka medlemmarna \u00e4r och vad deras agenda \u00e4r.\r\n\r\n2. Samuel Lilja is investigating: Jag har i min \u00e4go en artifakt som ser ut som en svart egyptisk katt som stals fr\u00e5n den Hermenautiska S\u00e4llskapet. Jag vill ta reda p\u00e5 dess historia och vad dess funktion \u00e4r. Jag anv\u00e4nder min ghoul Eva Lordes aid action och min ritual identify magic f\u00f6r att g\u00f6ra detta\r\n\r\n3. Samuel Lilja is helping their clanmember Faye Morgan with Influence (Steal) on Greg Stone.\r\n\r\n4. Samuel Lilja asked their clanmember Felix Ahlcrona: Vem i dom\u00e4nen skulle kunna s\u00e5ra dig djupast?\r\n\r\n5. Samuel Lilja is helping Faye Morgan with Influence (Steal) on Doug Underhill.\r\n\r\n6. Samuel Lilja is stealing Sverker Olofson in the influence Ockult.\r\n\r\n7. Samuel Lilja is investing in the ghoul Lilja Jr, Ephraim, which is getting Dominate and Investigation.\r\n\r\n8. Samuel Lilja is investing in the ghoul Lilja Jr, Ephraim, which is getting Dominate and Combat.\r\n\r\n9. Samuel Lilja is investing in the ghoul Lilja Jr, Ephraim, which is getting Dominate and Subterfuge.",
        "submit_date": "2017-03-08T14:31:09.143Z",
        "ip_address": "172.17.0.1",
        "is_public": true,
        "is_removed": false
    }
},
{
    "model": "django_comments.comment",
    "pk": 10,
    "fields": {
        "content_type": [
            "players",
            "action"
        ],
        "object_pk": "439",
        "site": 1,
        "user": [
            "felicia"
        ],
        "user_name": "felicia",
        "user_email": "email@mail.com",
        "user_url": "",
        "comment": "Du m\u00e5ste ha namnet p\u00e5 en hook f\u00f6r att kunna stj\u00e4la den.",
        "submit_date": "2017-03-08T15:30:09.254Z",
        "ip_address": "172.17.0.1",
        "is_public": true,
        "is_removed": false
    }
},
{
    "model": "django_comments.comment",
    "pk": 11,
    "fields": {
        "content_type": [
            "players",
            "action"
        ],
        "object_pk": "409",
        "site": 1,
        "user": [
            "felicia"
        ],
        "user_name": "felicia",
        "user_email": "email@mail.com",
        "user_url": "",
        "comment": "Someone else has stolen Edvin Lundkvist and they got more success than you.",
        "submit_date": "2017-03-08T16:14:33.046Z",
        "ip_address": "172.17.0.1",
        "is_public": true,
        "is_removed": false
    }
},
{
    "model": "django_comments.comment",
    "pk": 12,
    "fields": {
        "content_type": [
            "players",
            "action"
        ],
        "object_pk": "114",
        "site": 1,
        "user": [
            "felicia"
        ],
        "user_name": "felicia",
        "user_email": "email@mail.com",
        "user_url": "",
        "comment": "Success",
        "submit_date": "2017-03-08T16:47:34.491Z",
        "ip_address": "172.17.0.1",
        "is_public": true,
        "is_removed": false
    }
},
{
    "model": "django_comments.comment",
    "pk": 13,
    "fields": {
        "content_type": [
            "players",
            "action"
        ],
        "object_pk": "407",
        "site": 1,
        "user": [
            "felicia"
        ],
        "user_name": "felicia",
        "user_email": "email@mail.com",
        "user_url": "",
        "comment": "Success",
        "submit_date": "2017-03-08T16:47:54.781Z",
        "ip_address": "172.17.0.1",
        "is_public": true,
        "is_removed": false
    }
},
{
    "model": "django_comments.comment",
    "pk": 14,
    "fields": {
        "content_type": [
            "players",
            "action"
        ],
        "object_pk": "139",
        "site": 1,
        "user": [
            "felicia"
        ],
        "user_name": "felicia",
        "user_email": "email@mail.com",
        "user_url": "",
        "comment": "Petra Caspersen becomes dislodged.",
        "submit_date": "2017-03-08T16:48:20.354Z",
        "ip_address": "172.17.0.1",
        "is_public": true,
        "is_removed": false
    }
},
{
    "model": "django_comments.comment",
    "pk": 15,
    "fields": {
        "content_type": [
            "players",
            "action"
        ],
        "object_pk": "141",
        "site": 1,
        "user": [
            "felicia"
        ],
        "user_name": "felicia",
        "user_email": "email@mail.com",
        "user_url": "",
        "comment": "Success",
        "submit_date": "2017-03-08T16:48:46.018Z",
        "ip_address": "172.17.0.1",
        "is_public": true,
        "is_removed": false
    }
},
{
    "model": "django_comments.comment",
    "pk": 16,
    "fields": {
        "content_type": [
            "players",
            "action"
        ],
        "object_pk": "113",
        "site": 1,
        "user": [
            "felicia"
        ],
        "user_name": "felicia",
        "user_email": "email@mail.com",
        "user_url": "",
        "comment": "Success",
        "submit_date": "2017-03-08T16:49:09.387Z",
        "ip_address": "172.17.0.1",
        "is_public": true,
        "is_removed": false
    }
},
{
    "model": "django_comments.comment",
    "pk": 17,
    "fields": {
        "content_type": [
            "players",
            "action"
        ],
        "object_pk": "70",
        "site": 1,
        "user": [
            "felicia"
        ],
        "user_name": "felicia",
        "user_email": "email@mail.com",
        "user_url": "",
        "comment": "Det hade r\u00e4ckt med en s\u00e5dan h\u00e4r action, det blir samma effekt.",
        "submit_date": "2017-03-08T17:03:52.955Z",
        "ip_address": "172.17.0.1",
        "is_public": true,
        "is_removed": false
    }
},
{
    "model": "django_comments.comment",
    "pk": 18,
    "fields": {
        "content_type": [
            "players",
            "action"
        ],
        "object_pk": "354",
        "site": 1,
        "user": [
            "felicia"
        ],
        "user_name": "felicia",
        "user_email": "email@mail.com",
        "user_url": "",
        "comment": "Det hade r\u00e4ckt med att g\u00f6ra en s\u00e5dan h\u00e4r action.",
        "submit_date": "2017-03-08T17:07:43.839Z",
        "ip_address": "172.17.0.1",
        "is_public": true,
        "is_removed": false
    }
},
{
    "model": "django_comments.comment",
    "pk": 19,
    "fields": {
        "content_type": [
            "players",
            "action"
        ],
        "object_pk": "425",
        "site": 1,
        "user": [
            "felicia"
        ],
        "user_name": "felicia",
        "user_email": "email@mail.com",
        "user_url": "",
        "comment": "Det hade r\u00e4ckt med att g\u00f6ra en s\u00e5dan h\u00e4r action.",
        "submit_date": "2017-03-08T17:17:24.510Z",
        "ip_address": "172.17.0.1",
        "is_public": true,
        "is_removed": false
    }
},
{
    "model": "django_comments.comment",
    "pk": 20,
    "fields": {
        "content_type": [
            "players",
            "action"
        ],
        "object_pk": "116",
        "site": 1,
        "user": [
            "felicia"
        ],
        "user_name": "felicia",
        "user_email": "email@mail.com",
        "user_url": "",
        "comment": "Master: Einar Brorsson\r\nContender: Faye Morgan\r\nContender: Zelda M\u00f6rck\r\n\r\nHooks:\r\nIvan Kallenberg (Lurker)\r\nInga Fj\u00e4llstr\u00f6m (Master)\r\nKarl Vansten (Contender)\r\nSven-G\u00f6ran Gelin (Master)",
        "submit_date": "2017-03-08T17:50:03.345Z",
        "ip_address": "172.17.0.1",
        "is_public": true,
        "is_removed": false
    }
},
{
    "model": "django_comments.comment",
    "pk": 21,
    "fields": {
        "content_type": [
            "players",
            "action"
        ],
        "object_pk": "115",
        "site": 1,
        "user": [
            "felicia"
        ],
        "user_name": "felicia",
        "user_email": "email@mail.com",
        "user_url": "",
        "comment": "Master: Samuel Lilja\r\nContender: Lydia Pauli\r\nContender: Harriet\r\n\r\nSven-Olof Hieta (Lurker)\r\nMarie Gravvold (Lurker)\r\nMartin Oddshammar (Lurker)\r\nKonrad Hult (Master)",
        "submit_date": "2017-03-08T17:52:58.976Z",
        "ip_address": "172.17.0.1",
        "is_public": true,
        "is_removed": false
    }
},
{
    "model": "django_comments.comment",
    "pk": 22,
    "fields": {
        "content_type": [
            "players",
            "action"
        ],
        "object_pk": "436",
        "site": 1,
        "user": [
            "felicia"
        ],
        "user_name": "felicia",
        "user_email": "email@mail.com",
        "user_url": "",
        "comment": "Master: Einar Brorsson\r\nContender: Faye Morgan\r\nContender: Zelda M\u00f6rck\r\n\r\nHooks:\r\nCassandra Kahn (Contender)\r\nG\u00f6sta Grahn (Lurker)\r\nDoug Underhill (Lurker)",
        "submit_date": "2017-03-08T17:54:39.699Z",
        "ip_address": "172.17.0.1",
        "is_public": true,
        "is_removed": false
    }
},
{
    "model": "django_comments.comment",
    "pk": 23,
    "fields": {
        "content_type": [
            "players",
            "action"
        ],
        "object_pk": "369",
        "site": 1,
        "user": [
            "felicia"
        ],
        "user_name": "felicia",
        "user_email": "email@mail.com",
        "user_url": "",
        "comment": "Master: Samuel Lilja\r\nContender: Lydia Pauli\r\nContender: Harriet\r\n\r\nSven-Olof Hieta (Lurker)\r\nTod Smith (Lurker)\r\nBang Olauson (Lurker)\r\nKim Strand (Lurker)\r\nNils Cronholm (Lurker)\r\nGabriella Seger (Contender)",
        "submit_date": "2017-03-08T17:57:10.224Z",
        "ip_address": "172.17.0.1",
        "is_public": true,
        "is_removed": false
    }
},
{
    "model": "django_comments.comment",
    "pk": 24,
    "fields": {
        "content_type": [
            "players",
            "action"
        ],
        "object_pk": "382",
        "site": 1,
        "user": [
            "felicia"
        ],
        "user_name": "felicia",
        "user_email": "email@mail.com",
        "user_url": "",
        "comment": "Master: Samuel Lilja\r\nContender: Primus\r\nContender: Harriet",
        "submit_date": "2017-03-08T17:59:33.148Z",
        "ip_address": "172.17.0.1",
        "is_public": true,
        "is_removed": false
    }
},
{
    "model": "django_comments.comment",
    "pk": 25,
    "fields": {
        "content_type": [
            "players",
            "action"
        ],
        "object_pk": "393",
        "site": 1,
        "user": [
            "felicia"
        ],
        "user_name": "felicia",
        "user_email": "email@mail.com",
        "user_url": "",
        "comment": "Master: Hans\r\nContender: Thordon\r\nContender: Dante\r\n\r\nMaria Mattisdotter (Lurker)\r\nKatarina Hill (Master)",
        "submit_date": "2017-03-08T18:01:50.483Z",
        "ip_address": "172.17.0.1",
        "is_public": true,
        "is_removed": false
    }
},
{
    "model": "django_comments.comment",
    "pk": 26,
    "fields": {
        "content_type": [
            "players",
            "action"
        ],
        "object_pk": "394",
        "site": 1,
        "user": [
            "felicia"
        ],
        "user_name": "felicia",
        "user_email": "email@mail.com",
        "user_url": "",
        "comment": "Master: Einar Brorsson\r\nContender: Faye Morgan\r\nContender: Zelda M\u00f6rck\r\n\r\nHooks:\r\nSven-G\u00f6ran Gelin (Master)",
        "submit_date": "2017-03-08T18:03:12.663Z",
        "ip_address": "172.17.0.1",
        "is_public": true,
        "is_removed": false
    }
},
{
    "model": "django_comments.comment",
    "pk": 27,
    "fields": {
        "content_type": [
            "players",
            "action"
        ],
        "object_pk": "422",
        "site": 1,
        "user": [
            "felicia"
        ],
        "user_name": "felicia",
        "user_email": "email@mail.com",
        "user_url": "",
        "comment": "Master: Hans\r\nContender: Thordon\r\nContender: Dante\r\n\r\nhooks:\r\nNadia Dahlkvist (Contender)\r\nLina Ebbasdotter (Contender)",
        "submit_date": "2017-03-08T18:05:21.783Z",
        "ip_address": "172.17.0.1",
        "is_public": true,
        "is_removed": false
    }
},
{
    "model": "django_comments.comment",
    "pk": 28,
    "fields": {
        "content_type": [
            "players",
            "action"
        ],
        "object_pk": "423",
        "site": 1,
        "user": [
            "felicia"
        ],
        "user_name": "felicia",
        "user_email": "email@mail.com",
        "user_url": "",
        "comment": "Master: Samuel Lilja\r\nContender: Primus\r\nContender: Harriet\r\n\r\nhooks:\r\nErik Blom (Lurker)",
        "submit_date": "2017-03-08T18:06:17.684Z",
        "ip_address": "172.17.0.1",
        "is_public": true,
        "is_removed": false
    }
},
{
    "model": "django_comments.comment",
    "pk": 29,
    "fields": {
        "content_type": [
            "players",
            "action"
        ],
        "object_pk": "144",
        "site": 1,
        "user": [
            "felicia"
        ],
        "user_name": "felicia",
        "user_email": "email@mail.com",
        "user_url": "",
        "comment": "Att tappa greppet om verkligen.\r\nBli ett sj\u00e4ll\u00f6st vrak",
        "submit_date": "2017-03-08T18:42:25.471Z",
        "ip_address": "172.17.0.1",
        "is_public": true,
        "is_removed": false
    }
},
{
    "model": "django_comments.comment",
    "pk": 30,
    "fields": {
        "content_type": [
            "players",
            "action"
        ],
        "object_pk": "66",
        "site": 1,
        "user": [
            "Johannes_J\u00f6rgensen"
        ],
        "user_name": "Johannes J\u00f6rgensen",
        "user_email": "joergensen.arbete@gmail.com",
        "user_url": "",
        "comment": "Erik (Anton M) 3\r\nHur man f\u00f6rf\u00f6r en hamnskiftare: Att f\u00f6rf\u00f6ra en Lo \u00e4r n\u00e4stan l\u00f6nl\u00f6st, de hatar dig. Men en bj\u00f6rn, eller en haj, \u00e5 andra sidan. B\u00e4sta s\u00e4ttet \u00e4r att ta v\u00e4gen om dess m\u00e4nskliga sl\u00e4ktingar, f\u00e5 en bra introduktion, n\u00e5gon/n\u00e5gra i dess inre cirkel som kan s\u00e4lja in dig.",
        "submit_date": "2017-03-08T20:43:08.498Z",
        "ip_address": "172.17.0.1",
        "is_public": true,
        "is_removed": false
    }
},
{
    "model": "django_comments.comment",
    "pk": 31,
    "fields": {
        "content_type": [
            "players",
            "action"
        ],
        "object_pk": "68",
        "site": 1,
        "user": [
            "Johannes_J\u00f6rgensen"
        ],
        "user_name": "Johannes J\u00f6rgensen",
        "user_email": "joergensen.arbete@gmail.com",
        "user_url": "",
        "comment": "Erik (Anton M) 2\r\nMedborgargardet: Alex Waldemarsson \u00e4r inte chef f\u00f6r n\u00e5gonting, han var ett offer f\u00f6r ett misslycke\u00e1t Feeding som flytt. Hans trov\u00e4rdighet har krossats av en smutskastningskampanj och han betraktas som en galning. Ledaren f\u00f6r medborgargardet heter Magda Wall",
        "submit_date": "2017-03-08T20:44:58.160Z",
        "ip_address": "172.17.0.1",
        "is_public": true,
        "is_removed": false
    }
},
{
    "model": "django_comments.comment",
    "pk": 32,
    "fields": {
        "content_type": [
            "players",
            "action"
        ],
        "object_pk": "102",
        "site": 1,
        "user": [
            "Johannes_J\u00f6rgensen"
        ],
        "user_name": "Johannes J\u00f6rgensen",
        "user_email": "joergensen.arbete@gmail.com",
        "user_url": "",
        "comment": "Crane (Jerome G) 4\r\nSabbat: Dina kontakter ger tre namn. Ulla Wrangel, Vittran och Valentin. Deras m\u00e5l med intr\u00e5ng i staden \u00e4r att stj\u00e4la resurser f\u00f6r att berika sig sj\u00e4lva och f\u00f6rneka camarillan. De har redan f\u00e5tt tag p\u00e5 b\u00f6cker om Lillith en viss Diakon Olsson tog till staden, men inte allt.",
        "submit_date": "2017-03-08T20:45:53.779Z",
        "ip_address": "172.17.0.1",
        "is_public": true,
        "is_removed": false
    }
},
{
    "model": "django_comments.comment",
    "pk": 33,
    "fields": {
        "content_type": [
            "players",
            "action"
        ],
        "object_pk": "254",
        "site": 1,
        "user": [
            "Johannes_J\u00f6rgensen"
        ],
        "user_name": "Johannes J\u00f6rgensen",
        "user_email": "joergensen.arbete@gmail.com",
        "user_url": "",
        "comment": "Albin Bonde (Martin L) 4\r\nEva: En l\u00e4kare har unders\u00f6kt Eva. Hen har noterat sp\u00e5r av avancerade ingrepp som f\u00f6rst\u00e4rkt hennes kognitiva f\u00f6rm\u00e5ga med en extrem Magnitud. Hon \u00e4r nu betydligt intelligentare \u00e4n m\u00e4nniskor. Eva tror p\u00e5 ett utomjordiskt ursprung. Hon h\u00e4vdar att det finns ett implantat i hennes panna  som kan anv\u00e4ndas att kontakta aliens.",
        "submit_date": "2017-03-08T20:46:46.343Z",
        "ip_address": "172.17.0.1",
        "is_public": true,
        "is_removed": false
    }
},
{
    "model": "django_comments.comment",
    "pk": 34,
    "fields": {
        "content_type": [
            "players",
            "action"
        ],
        "object_pk": "255",
        "site": 1,
        "user": [
            "Johannes_J\u00f6rgensen"
        ],
        "user_name": "Johannes J\u00f6rgensen",
        "user_email": "joergensen.arbete@gmail.com",
        "user_url": "",
        "comment": "Albin Bonde (Martin L) 5 \r\nPresst\u00f6det: Hoten om indraget presst\u00f6d har via ombud utg\u00e5tt fr\u00e5n en chef p\u00e5 skatteverkets administrativa enhet: Henrietta Olander, och det uppenbara syftet \u00e4r att skr\u00e4mma publikationer som har kritiserat Olanders n\u00e4rmaste krets, bland annat Ewert Johnsson. Denna grupp kallas \u201cdeltagarna\u201d, och \u00e4ven om gruppen \u00e4r k\u00e4nd inom den statliga byr\u00e5kratin \u00e4r ingen intresserad av att peka ut deras medlemmar. En internrevisor p\u00e5 skatteverket tog sitt liv i samband med att f\u00f6rs\u00f6ka utreda Olander.",
        "submit_date": "2017-03-08T20:47:16.712Z",
        "ip_address": "172.17.0.1",
        "is_public": true,
        "is_removed": false
    }
},
{
    "model": "django_comments.comment",
    "pk": 35,
    "fields": {
        "content_type": [
            "players",
            "action"
        ],
        "object_pk": "472",
        "site": 1,
        "user": [
            "Johannes_J\u00f6rgensen"
        ],
        "user_name": "Johannes J\u00f6rgensen",
        "user_email": "joergensen.arbete@gmail.com",
        "user_url": "",
        "comment": "Primus (Tim Olsson) 1\r\nMagikonventet: En Bastet-statyett blev stulen under konventet av Diakon Whinther.",
        "submit_date": "2017-03-08T20:48:13.968Z",
        "ip_address": "172.17.0.1",
        "is_public": true,
        "is_removed": false
    }
},
{
    "model": "django_comments.comment",
    "pk": 36,
    "fields": {
        "content_type": [
            "players",
            "action"
        ],
        "object_pk": "278",
        "site": 1,
        "user": [
            "Johannes_J\u00f6rgensen"
        ],
        "user_name": "Johannes J\u00f6rgensen",
        "user_email": "joergensen.arbete@gmail.com",
        "user_url": "",
        "comment": "Samuel Lilja (Jonas A) 1\r\nDeltagarna: Du hittar ett namn. Henrietta Olander.",
        "submit_date": "2017-03-08T20:49:15.790Z",
        "ip_address": "172.17.0.1",
        "is_public": true,
        "is_removed": false
    }
},
{
    "model": "django_comments.comment",
    "pk": 37,
    "fields": {
        "content_type": [
            "players",
            "action"
        ],
        "object_pk": "279",
        "site": 1,
        "user": [
            "Johannes_J\u00f6rgensen"
        ],
        "user_name": "Johannes J\u00f6rgensen",
        "user_email": "joergensen.arbete@gmail.com",
        "user_url": "",
        "comment": "Samuel Lilja (Jonas A) 2 +Ritual\r\nBastet: Statyetten kan ge dig visioner av allt den har sett sedan du f\u00f6rst tog den i din hand. N\u00e4r du sover k\u00e4nner du n\u00e4rvaron av en enorm katt som vill ber\u00e4tta om jaktens sk\u00f6nhet och euforin i att k\u00e4nna sm\u00e5 sprattlande ben kn\u00e4ckas i munnen. Om du f\u00e5r tag p\u00e5 en papyrus som \u00e4r relaterad till statyetten s\u00e5 kan nya st\u00f6rre f\u00f6rm\u00e5gor l\u00e5sas upp.",
        "submit_date": "2017-03-08T20:49:49.352Z",
        "ip_address": "172.17.0.1",
        "is_public": true,
        "is_removed": false
    }
},
{
    "model": "django_comments.comment",
    "pk": 38,
    "fields": {
        "content_type": [
            "players",
            "action"
        ],
        "object_pk": "469",
        "site": 1,
        "user": [
            "Johannes_J\u00f6rgensen"
        ],
        "user_name": "Johannes J\u00f6rgensen",
        "user_email": "joergensen.arbete@gmail.com",
        "user_url": "",
        "comment": "Zelda M\u00f6rck (Matilda Dahl) 4\r\nBoken har legat p\u00e5 Universitetets boklager sedan 1937. Den \u00e4r riktad mot metoder att binda och betvinga demoner, inte \u00e5kalla dem. Boken innehas just nu av Lisa Hiroto.",
        "submit_date": "2017-03-08T20:51:56.809Z",
        "ip_address": "172.17.0.1",
        "is_public": true,
        "is_removed": false
    }
},
{
    "model": "django_comments.comment",
    "pk": 39,
    "fields": {
        "content_type": [
            "players",
            "action"
        ],
        "object_pk": "466",
        "site": 1,
        "user": [
            "Johannes_J\u00f6rgensen"
        ],
        "user_name": "Johannes J\u00f6rgensen",
        "user_email": "joergensen.arbete@gmail.com",
        "user_url": "",
        "comment": "Zelda M\u00f6rck (Matilda Dahl) 3\r\nVem \u00e4r Eli? : Eli Zelic \u00e4r en ung m\u00e5lare som \u00e4r en av de b\u00e4sta m\u00e4nniskor du kan hitta. Han kan hj\u00e4lpa dig att bli det med (b\u00e4ttre m\u00e4nniska) genom sitt m\u00e5leri. Hans Tavla \u00e4r bara speciell f\u00f6r den den f\u00f6rest\u00e4ller.",
        "submit_date": "2017-03-08T20:52:24.060Z",
        "ip_address": "172.17.0.1",
        "is_public": true,
        "is_removed": false
    }
},
{
    "model": "django_comments.comment",
    "pk": 40,
    "fields": {
        "content_type": [
            "players",
            "action"
        ],
        "object_pk": "467",
        "site": 1,
        "user": [
            "Johannes_J\u00f6rgensen"
        ],
        "user_name": "Johannes J\u00f6rgensen",
        "user_email": "joergensen.arbete@gmail.com",
        "user_url": "",
        "comment": "Zelda M\u00f6rck (Matilda Dahl) 3\r\nVem var Frida Wall? : Frieda Wall \u00e4r en d\u00f6d squatter. Hon v\u00e4xte upp i Malm\u00f6, jobbade p\u00e5 ICA i Skavt\u00e5ng under flera \u00e5r innan hon drog p\u00e5 sig en heroin-vana och f\u00f6ll. Hon hittades med ett m\u00e4rkligt Tarotkort i handen. Ett sigill p\u00e5 kortet ska enligt utsago vara ennyckel f\u00f6r \u00e5kallan av en demon. Kortet finns nu i polisens bevislager.",
        "submit_date": "2017-03-08T20:52:50.766Z",
        "ip_address": "172.17.0.1",
        "is_public": true,
        "is_removed": false
    }
},
{
    "model": "django_comments.comment",
    "pk": 41,
    "fields": {
        "content_type": [
            "players",
            "action"
        ],
        "object_pk": "468",
        "site": 1,
        "user": [
            "Johannes_J\u00f6rgensen"
        ],
        "user_name": "Johannes J\u00f6rgensen",
        "user_email": "joergensen.arbete@gmail.com",
        "user_url": "",
        "comment": "Zelda M\u00f6rck (Matilda Dahl) 3\r\nWagner och hans Bastet: Carl Wagner \u00e4r en k\u00e4nd Magiker fr\u00e5n England. Han tillber statyetten som en personlig gudinna och kan enligt hans adept uppleva allt statyetten upplever. Den har stor personlig betydelse f\u00f6r honom. Det mesta tyder p\u00e5 att statyetten \u00e4r betydligt mer \u00e4n bara en magisk inspelningsapparat dock.",
        "submit_date": "2017-03-08T20:53:17.454Z",
        "ip_address": "172.17.0.1",
        "is_public": true,
        "is_removed": false
    }
},
{
    "model": "django_comments.comment",
    "pk": 42,
    "fields": {
        "content_type": [
            "players",
            "action"
        ],
        "object_pk": "395",
        "site": 1,
        "user": [
            "Johannes_J\u00f6rgensen"
        ],
        "user_name": "Johannes J\u00f6rgensen",
        "user_email": "joergensen.arbete@gmail.com",
        "user_url": "",
        "comment": "Pierre Steen (Tomas K) 4\r\nEva: Gorillan heter Eva. Hon \u00e4r inte f\u00f6rsvunnen utan sitter isolerad p\u00e5 Zooets Laboratorium. Hon L\u00e4ser allt hon kommer \u00f6ver. Flera andra vampyrer har varit hos henne och hon kan vara delvis blodsbunden. Sj\u00e4lv s\u00e4ger hon att hon varit kidnappad av aliens.",
        "submit_date": "2017-03-08T20:54:07.057Z",
        "ip_address": "172.17.0.1",
        "is_public": true,
        "is_removed": false
    }
},
{
    "model": "django_comments.comment",
    "pk": 43,
    "fields": {
        "content_type": [
            "players",
            "action"
        ],
        "object_pk": "350",
        "site": 1,
        "user": [
            "Johannes_J\u00f6rgensen"
        ],
        "user_name": "Johannes J\u00f6rgensen",
        "user_email": "joergensen.arbete@gmail.com",
        "user_url": "",
        "comment": "Faye Morgan (Max Ortman) 7\r\nLisa Hiroto: Hon \u00e4r journalist vid V\u00e4stsvenskan. Hon bor i Villakvarteren (letande kr\u00e4vdes; hemlig adress) och l\u00e5nade f\u00f6r lite mer \u00e4n en m\u00e5nad sen en icke namngiven bok av ok\u00e4nd f\u00f6rfattare fr\u00e5n tidigt 1600-tal om Demonologi, specifikt f\u00f6rdrivning och kontroll av dessa fenomen. Hon har boken, f\u00f6r det mesta med sig. Hon \u00e4r hemma de flesta n\u00e4tter men jobbar ofta sent p\u00e5 redaktionen. Hon l\u00e4r sig Latin i rasande fart. Hon tycks vara paranoid. Hon anv\u00e4nda boken f\u00f6r lite \u00f6ver en m\u00e5nad sedan i ett f\u00f6rs\u00f6k att r\u00e4dda ett demonbesatt barn. Demonen f\u00f6rdrevs, m\u00f6jligtvis skadad, men barnet var f\u00f6rvandlat till ett monster och Lisa flydde i panik.",
        "submit_date": "2017-03-08T20:55:03.183Z",
        "ip_address": "172.17.0.1",
        "is_public": true,
        "is_removed": false
    }
},
{
    "model": "django_comments.comment",
    "pk": 44,
    "fields": {
        "content_type": [
            "players",
            "action"
        ],
        "object_pk": "350",
        "site": 1,
        "user": [
            "Johannes_J\u00f6rgensen"
        ],
        "user_name": "Johannes J\u00f6rgensen",
        "user_email": "joergensen.arbete@gmail.com",
        "user_url": "",
        "comment": "Faye Morgan (Max Ortman) 7\r\nDemonen och Boken: Du hittar incidenter som tyder p\u00e5 att demonen varit aktiv i \u00e5rtionden. Boken har legat p\u00e5 Universitetets boklager sedan 1937. Den \u00e4r riktad mot metoder att binda och betvinga demoner, inte \u00e5kalla dem. \u00c5kallan har att g\u00f6ra med demonens sigill, som f\u00f6retr\u00e4delsevis kommer i form av ett kort. Boken innehas just nu av Lisa Hiroto.",
        "submit_date": "2017-03-08T20:55:31.427Z",
        "ip_address": "172.17.0.1",
        "is_public": true,
        "is_removed": false
    }
},
{
    "model": "django_comments.comment",
    "pk": 45,
    "fields": {
        "content_type": [
            "players",
            "action"
        ],
        "object_pk": "355",
        "site": 1,
        "user": [
            "Johannes_J\u00f6rgensen"
        ],
        "user_name": "Johannes J\u00f6rgensen",
        "user_email": "joergensen.arbete@gmail.com",
        "user_url": "",
        "comment": "Faye Morgan (Max Ortman) 7\r\nDemonen och Boken: Du hittar incidenter som tyder p\u00e5 att demonen varit aktiv i \u00e5rtionden. Boken har legat p\u00e5 Universitetets boklager sedan 1937. Den \u00e4r riktad mot metoder att binda och betvinga demoner, inte \u00e5kalla dem. \u00c5kallan har att g\u00f6ra med demonens sigill, som f\u00f6retr\u00e4delsevis kommer i form av ett kort. Boken innehas just nu av Lisa Hiroto.",
        "submit_date": "2017-03-08T20:56:21.803Z",
        "ip_address": "172.17.0.1",
        "is_public": true,
        "is_removed": false
    }
},
{
    "model": "django_comments.comment",
    "pk": 46,
    "fields": {
        "content_type": [
            "players",
            "action"
        ],
        "object_pk": "383",
        "site": 1,
        "user": [
            "Johannes_J\u00f6rgensen"
        ],
        "user_name": "Johannes J\u00f6rgensen",
        "user_email": "joergensen.arbete@gmail.com",
        "user_url": "",
        "comment": "Marion (Angelika N) 6\r\nSabbath i Helsingkrona: Dina kontakter ger tre namn. Ulla Wrangel, Vittran och Valentin. Deras m\u00e5l med intr\u00e5ng i staden \u00e4r att stj\u00e4la resurser. De har redan stulit ov\u00e4rderliga dagb\u00f6cker fr\u00e5n en Lillithpr\u00e4st s\u00e5v\u00e4l som andra b\u00f6cker. De har inget best\u00e4mt st\u00e4lle de h\u00e4nger men ska ha bes\u00f6kt Orlocks st\u00e4lle flera g\u00e5nger.",
        "submit_date": "2017-03-08T20:58:35.768Z",
        "ip_address": "172.17.0.1",
        "is_public": true,
        "is_removed": false
    }
},
{
    "model": "django_comments.comment",
    "pk": 47,
    "fields": {
        "content_type": [
            "players",
            "action"
        ],
        "object_pk": "371",
        "site": 1,
        "user": [
            "Johannes_J\u00f6rgensen"
        ],
        "user_name": "Johannes J\u00f6rgensen",
        "user_email": "joergensen.arbete@gmail.com",
        "user_url": "",
        "comment": "Lydia Pauli (Janni A) 4\r\nSkatteverket Granskar: Ryktet \u00e4r sant, de ska b\u00f6rja g\u00f6ra detta. Kirsten M\u00e5rdh heter den du kan hitta som i grunden ligger bakom initiativet. Hon har annars mest med skolpolitik att g\u00f6ra. Hon umg\u00e5s mycket med Mark Adolvsson, socialarbetare, och har refererat till de tv\u00e5 som \u201cDeltagare\u201d.",
        "submit_date": "2017-03-08T20:59:24.519Z",
        "ip_address": "172.17.0.1",
        "is_public": true,
        "is_removed": false
    }
},
{
    "model": "django_comments.comment",
    "pk": 48,
    "fields": {
        "content_type": [
            "players",
            "action"
        ],
        "object_pk": "299",
        "site": 1,
        "user": [
            "Johannes_J\u00f6rgensen"
        ],
        "user_name": "Johannes J\u00f6rgensen",
        "user_email": "joergensen.arbete@gmail.com",
        "user_url": "",
        "comment": "Diakon Whinther (Sebastian L) 3\r\nDemonen: Du hittar incidenter som tyder p\u00e5 att demonen varit aktiv i \u00e5rtionden. \u00c5kallan har att g\u00f6ra med demonens sigill som finns p\u00e5 Tarotkort. Boken innehas just nu av Lisa Hiroto.",
        "submit_date": "2017-03-08T21:00:47.127Z",
        "ip_address": "172.17.0.1",
        "is_public": true,
        "is_removed": false
    }
},
{
    "model": "django_comments.comment",
    "pk": 49,
    "fields": {
        "content_type": [
            "players",
            "action"
        ],
        "object_pk": "244",
        "site": 1,
        "user": [
            "Johannes_J\u00f6rgensen"
        ],
        "user_name": "Johannes J\u00f6rgensen",
        "user_email": "joergensen.arbete@gmail.com",
        "user_url": "",
        "comment": "Einar Brorsson (Hannes R) 5\r\nDenne Gangrel heter Lupov. Du sp\u00e5rar honom till en kloak under stadshuset i Bor\u00e5s och f\u00e5ngar honom i armarna p\u00e5 hans \u00e4lskare Nosferatun Valentin. Du kan ut\u00f6va dina p\u00e5tryckningar i vilket fall Lupov lovar att aldrig komma tillbaka till dina jaktmarker. Du har hans telefonnummer och r\u00e5ttorna som f\u00f6ljde efter de hem har ber\u00e4ttat var i J\u00f6nk\u00f6ping de sover om dagarna.",
        "submit_date": "2017-03-08T21:01:32.183Z",
        "ip_address": "172.17.0.1",
        "is_public": true,
        "is_removed": false
    }
},
{
    "model": "django_comments.comment",
    "pk": 50,
    "fields": {
        "content_type": [
            "players",
            "action"
        ],
        "object_pk": "460",
        "site": 1,
        "user": [
            "Johannes_J\u00f6rgensen"
        ],
        "user_name": "Johannes J\u00f6rgensen",
        "user_email": "joergensen.arbete@gmail.com",
        "user_url": "",
        "comment": "Thordon (Dennis L) 4\r\nSp\u00f6ket p\u00e5 Soptippen: Det \u00e4r inget sp\u00f6ke. Det \u00e4r ett barn. Ett Vampyrbarn. det sitter och gr\u00e5ter och ropar p\u00e5 sin mamma. Men n\u00e4r n\u00e5gon f\u00f6rs\u00f6ker hj\u00e4lpa den s\u00e5 \u00e4ter den upp den. P\u00e5 sistone har den slutat gr\u00e5ta och man kan h\u00f6ra ljudet av barn som leker.",
        "submit_date": "2017-03-08T21:02:23.228Z",
        "ip_address": "172.17.0.1",
        "is_public": true,
        "is_removed": false
    }
},
{
    "model": "django_comments.comment",
    "pk": 51,
    "fields": {
        "content_type": [
            "players",
            "action"
        ],
        "object_pk": "279",
        "site": 1,
        "user": [
            "JoAl"
        ],
        "user_name": "Jonas Ahlg\u00e5rd",
        "user_email": "joniebonie9110@hotmail.com",
        "user_url": "",
        "comment": "Kom du ih\u00e5g min ghouls aid action? 3 i dicepool verkar f\u00f6r lite",
        "submit_date": "2017-03-08T22:28:07.772Z",
        "ip_address": "172.17.0.1",
        "is_public": true,
        "is_removed": false
    }
},
{
    "model": "django_comments.comment",
    "pk": 52,
    "fields": {
        "content_type": [
            "players",
            "action"
        ],
        "object_pk": "380",
        "site": 1,
        "user": [
            "felicia"
        ],
        "user_name": "felicia",
        "user_email": "felicia@svilling.eu",
        "user_url": "",
        "comment": "Haven: 2 \r\nNo other backgrounds.\r\n0 resource points.",
        "submit_date": "2017-03-09T12:51:18.154Z",
        "ip_address": "172.17.0.1",
        "is_public": true,
        "is_removed": false
    }
},
{
    "model": "django_comments.comment",
    "pk": 53,
    "fields": {
        "content_type": [
            "players",
            "action"
        ],
        "object_pk": "257",
        "site": 1,
        "user": [
            "felicia"
        ],
        "user_name": "felicia",
        "user_email": "felicia@svilling.eu",
        "user_url": "",
        "comment": "0 rescource points.\r\nHaven: 2 \r\nHerd: 0\r\nNo weapon \r\nNo other resources.",
        "submit_date": "2017-03-09T12:53:15.075Z",
        "ip_address": "172.17.0.1",
        "is_public": true,
        "is_removed": false
    }
},
{
    "model": "django_comments.comment",
    "pk": 54,
    "fields": {
        "content_type": [
            "players",
            "action"
        ],
        "object_pk": "256",
        "site": 1,
        "user": [
            "felicia"
        ],
        "user_name": "felicia",
        "user_email": "felicia@svilling.eu",
        "user_url": "",
        "comment": "Lurker: Politik\r\nLurker: Kyrkan",
        "submit_date": "2017-03-09T13:04:43.071Z",
        "ip_address": "172.17.0.1",
        "is_public": true,
        "is_removed": false
    }
},
{
    "model": "django_comments.comment",
    "pk": 55,
    "fields": {
        "content_type": [
            "players",
            "action"
        ],
        "object_pk": "421",
        "site": 1,
        "user": [
            "felicia"
        ],
        "user_name": "felicia",
        "user_email": "felicia@svilling.eu",
        "user_url": "",
        "comment": "Hooks:\r\nBeatrice Eldh (Universitetet)\r\nSamuel Lilja has no hooks in Kyrkan\r\nG\u00f6sta Grahn (Ockult)",
        "submit_date": "2017-03-09T13:08:01.658Z",
        "ip_address": "172.17.0.1",
        "is_public": true,
        "is_removed": false
    }
},
{
    "model": "django_comments.comment",
    "pk": 56,
    "fields": {
        "content_type": [
            "players",
            "action"
        ],
        "object_pk": "392",
        "site": 1,
        "user": [
            "felicia"
        ],
        "user_name": "felicia",
        "user_email": "felicia@svilling.eu",
        "user_url": "",
        "comment": "Lurker: Politik\r\nLurker: Kyrkan",
        "submit_date": "2017-03-09T13:11:09.043Z",
        "ip_address": "172.17.0.1",
        "is_public": true,
        "is_removed": false
    }
},
{
    "model": "django_comments.comment",
    "pk": 57,
    "fields": {
        "content_type": [
            "players",
            "action"
        ],
        "object_pk": "434",
        "site": 1,
        "user": [
            "felicia"
        ],
        "user_name": "felicia",
        "user_email": "felicia@svilling.eu",
        "user_url": "",
        "comment": "Edith Nordek (Politik)\r\nVirginia Varg (Politik)",
        "submit_date": "2017-03-09T13:12:53.759Z",
        "ip_address": "172.17.0.1",
        "is_public": true,
        "is_removed": false
    }
},
{
    "model": "django_comments.comment",
    "pk": 58,
    "fields": {
        "content_type": [
            "players",
            "action"
        ],
        "object_pk": "370",
        "site": 1,
        "user": [
            "felicia"
        ],
        "user_name": "felicia",
        "user_email": "felicia@svilling.eu",
        "user_url": "",
        "comment": "Nils Cronholm (Media)\r\nSverker Olofson (Ockult)\r\nErik Blom (Universitet)\r\nKertin Bergenfeldt (Konst och Underh\u00e5llning)\r\nMaster och Contender niv\u00e5er:\r\nMaster: Ockult",
        "submit_date": "2017-03-09T13:17:13.356Z",
        "ip_address": "172.17.0.1",
        "is_public": true,
        "is_removed": false
    }
},
{
    "model": "django_comments.comment",
    "pk": 59,
    "fields": {
        "content_type": [
            "players",
            "action"
        ],
        "object_pk": "471",
        "site": 1,
        "user": [
            "felicia"
        ],
        "user_name": "felicia",
        "user_email": "felicia@svilling.eu",
        "user_url": "",
        "comment": "Jan Book (Kyrkan)",
        "submit_date": "2017-03-09T13:18:10.110Z",
        "ip_address": "172.17.0.1",
        "is_public": true,
        "is_removed": false
    }
},
{
    "model": "django_comments.comment",
    "pk": 60,
    "fields": {
        "content_type": [
            "players",
            "action"
        ],
        "object_pk": "282",
        "site": 1,
        "user": [
            "felicia"
        ],
        "user_name": "felicia",
        "user_email": "felicia@svilling.eu",
        "user_url": "",
        "comment": "Felix Ahlcrona \u00e4r d\u00f6d.",
        "submit_date": "2017-03-09T13:19:21.565Z",
        "ip_address": "172.17.0.1",
        "is_public": true,
        "is_removed": false
    }
},
{
    "model": "django_comments.comment",
    "pk": 61,
    "fields": {
        "content_type": [
            "players",
            "feeding"
        ],
        "object_pk": "4",
        "site": 1,
        "user": [
            "Johannes_J\u00f6rgensen"
        ],
        "user_name": "Johannes J\u00f6rgensen",
        "user_email": "joergensen.arbete@gmail.com",
        "user_url": "",
        "comment": "Filch: 2 incidenter (tv\u00e5 olika)\r\n[En f\u00e5gelsk\u00e5dare i skogsomr\u00e5det s\u00e4ger att han har fotograferat en svartkl\u00e4dd gestalt som sitter b\u00f6jd \u00f6ver en joggare]\r\n[En pension\u00e4r har hittats utslagen \u00f6ver sin rullator i skogsomr\u00e5det med akut blodbrist. Hon \u00e4r intagen p\u00e5 sjukhuset och medicinsk utredning kommer att inledas strax.]",
        "submit_date": "2017-03-09T17:04:51.678Z",
        "ip_address": "172.17.0.1",
        "is_public": true,
        "is_removed": false
    }
},
{
    "model": "django_comments.comment",
    "pk": 62,
    "fields": {
        "content_type": [
            "players",
            "feeding"
        ],
        "object_pk": "7",
        "site": 1,
        "user": [
            "Johannes_J\u00f6rgensen"
        ],
        "user_name": "Johannes J\u00f6rgensen",
        "user_email": "joergensen.arbete@gmail.com",
        "user_url": "",
        "comment": "Erik: 1 incident\r\n[Herren ger och herren tar. En av Leo Rasks ynglingar eskorterade mig hem fr\u00e5n festen i f\u00f6rsamlingshemmet i l\u00f6rdags. Pl\u00f6tsligt b\u00f6jde han sig \u00f6ver min axel som om han t\u00e4nkte bita mig, men ist\u00e4llet spydde han \u00f6ver hela min kappa och sprang sin v\u00e4g! Kappan \u00e4r alldeles blodig. Den h\u00e4nger i hallen. Jag funderar p\u00e5 att g\u00e5 till polisen. Eller \u00e5tminstone fr\u00e5ga herr Rask vad det \u00e4r f\u00f6r folk han har!]",
        "submit_date": "2017-03-09T17:05:40.471Z",
        "ip_address": "172.17.0.1",
        "is_public": true,
        "is_removed": false
    }
},
{
    "model": "django_comments.comment",
    "pk": 63,
    "fields": {
        "content_type": [
            "players",
            "feeding"
        ],
        "object_pk": "18",
        "site": 1,
        "user": [
            "Johannes_J\u00f6rgensen"
        ],
        "user_name": "Johannes J\u00f6rgensen",
        "user_email": "joergensen.arbete@gmail.com",
        "user_url": "",
        "comment": "Albin Bonde: 1 incident\r\n[Goddag Herr Bonde! Jag ringer fr\u00e5n Etiska N\u00e4mnden. Jag har f\u00e5tt det h\u00e4r telefonnumret fr\u00e5n en f\u00f6re detta f\u00f6rs\u00f6ksperson hos er. Vad \u00e4r det f\u00f6r experiment ni g\u00f6r egentligen?]",
        "submit_date": "2017-03-09T17:07:00.357Z",
        "ip_address": "172.17.0.1",
        "is_public": true,
        "is_removed": false
    }
},
{
    "model": "django_comments.comment",
    "pk": 64,
    "fields": {
        "content_type": [
            "players",
            "feeding"
        ],
        "object_pk": "35",
        "site": 1,
        "user": [
            "Johannes_J\u00f6rgensen"
        ],
        "user_name": "Johannes J\u00f6rgensen",
        "user_email": "joergensen.arbete@gmail.com",
        "user_url": "",
        "comment": "Pierre Steen: 1 incident\r\n[Han sa att Han var tvungen att dricka mitt blod f\u00f6r att kontakta min inre best och kunna exorcera mina drifter. Men det funkade inte, han bara s\u00f6g och stack. Som en Vampyr! Stina Svensson ber\u00e4ttade det p\u00e5 syjuntan i s\u00f6ndags.]",
        "submit_date": "2017-03-09T17:08:24.440Z",
        "ip_address": "172.17.0.1",
        "is_public": true,
        "is_removed": false
    }
},
{
    "model": "django_comments.comment",
    "pk": 65,
    "fields": {
        "content_type": [
            "players",
            "feeding"
        ],
        "object_pk": "7",
        "site": 1,
        "user": [
            "Johannes_J\u00f6rgensen"
        ],
        "user_name": "Johannes J\u00f6rgensen",
        "user_email": "joergensen.arbete@gmail.com",
        "user_url": "",
        "comment": "[disregard incident] Den h\u00e4r incidenten kom ut av misstag pga en felangiven dom\u00e4n. Incidenten h\u00e4nde aldrig. Urs\u00e4kta.",
        "submit_date": "2017-03-10T23:10:19.879Z",
        "ip_address": "172.17.0.1",
        "is_public": true,
        "is_removed": false
    }
},
{
    "model": "django_comments.comment",
    "pk": 66,
    "fields": {
        "content_type": [
            "players",
            "feeding"
        ],
        "object_pk": "18",
        "site": 1,
        "user": [
            "Johannes_J\u00f6rgensen"
        ],
        "user_name": "Johannes J\u00f6rgensen",
        "user_email": "joergensen.arbete@gmail.com",
        "user_url": "",
        "comment": "[disregard incident] Den h\u00e4r incidenten kom ut av misstag pga en felangiven dom\u00e4n. Incidenten h\u00e4nde aldrig. Urs\u00e4kta.",
        "submit_date": "2017-03-10T23:10:58.057Z",
        "ip_address": "172.17.0.1",
        "is_public": true,
        "is_removed": false
    }
},
{
    "model": "django_comments.comment",
    "pk": 67,
    "fields": {
        "content_type": [
            "players",
            "action"
        ],
        "object_pk": "785",
        "site": 1,
        "user": [
            "SaMa"
        ],
        "user_name": "Sara Magnusson",
        "user_email": "srmgnssn@gmail.com",
        "user_url": "",
        "comment": "Erbjuder blod om han vill",
        "submit_date": "2017-04-04T14:19:00.685Z",
        "ip_address": "172.17.0.1",
        "is_public": true,
        "is_removed": false
    }
},
{
    "model": "django_comments.comment",
    "pk": 68,
    "fields": {
        "content_type": [
            "players",
            "action"
        ],
        "object_pk": "458",
        "site": 1,
        "user": [
            "DeLi"
        ],
        "user_name": "Dennis Lindberg",
        "user_email": "dennis.lindberg93@gmail.com",
        "user_url": "",
        "comment": "Investigate action nr 1.",
        "submit_date": "2017-04-05T20:17:58.996Z",
        "ip_address": "172.17.0.1",
        "is_public": true,
        "is_removed": false
    }
},
{
    "model": "django_comments.comment",
    "pk": 69,
    "fields": {
        "content_type": [
            "players",
            "action"
        ],
        "object_pk": "460",
        "site": 1,
        "user": [
            "DeLi"
        ],
        "user_name": "Dennis Lindberg",
        "user_email": "dennis.lindberg93@gmail.com",
        "user_url": "",
        "comment": "Jag vill ta med henne till min sire och fr\u00e5ga vad vi ska g\u00f6ra f\u00f6r med henne.",
        "submit_date": "2017-04-05T20:27:09.193Z",
        "ip_address": "172.17.0.1",
        "is_public": true,
        "is_removed": false
    }
},
{
    "model": "django_comments.comment",
    "pk": 70,
    "fields": {
        "content_type": [
            "players",
            "action"
        ],
        "object_pk": "585",
        "site": 1,
        "user": [
            "felicia"
        ],
        "user_name": "Felicia Svilling",
        "user_email": "felicia@svilling.eu",
        "user_url": "",
        "comment": "Lydia Pauli \u00e4r inte en medlem i din klan, s\u00e5 du kan inte fr\u00e5ga henne.",
        "submit_date": "2017-04-07T11:03:46.129Z",
        "ip_address": "172.17.0.1",
        "is_public": true,
        "is_removed": false
    }
},
{
    "model": "django_comments.comment",
    "pk": 71,
    "fields": {
        "content_type": [
            "players",
            "action"
        ],
        "object_pk": "707",
        "site": 1,
        "user": [
            "felicia"
        ],
        "user_name": "Felicia Svilling",
        "user_email": "felicia@svilling.eu",
        "user_url": "",
        "comment": "Being rejected by my sier/senpi",
        "submit_date": "2017-04-07T11:04:21.635Z",
        "ip_address": "172.17.0.1",
        "is_public": true,
        "is_removed": false
    }
},
{
    "model": "django_comments.comment",
    "pk": 72,
    "fields": {
        "content_type": [
            "players",
            "action"
        ],
        "object_pk": "706",
        "site": 1,
        "user": [
            "felicia"
        ],
        "user_name": "Felicia Svilling",
        "user_email": "felicia@svilling.eu",
        "user_url": "",
        "comment": "Winther vill inte svara p\u00e5 den fr\u00e5gan och blir ist\u00e4llet skyldig dig en liten g\u00e4ld.",
        "submit_date": "2017-04-07T11:32:38.646Z",
        "ip_address": "172.17.0.1",
        "is_public": true,
        "is_removed": false
    }
},
{
    "model": "django_comments.comment",
    "pk": 73,
    "fields": {
        "content_type": [
            "players",
            "action"
        ],
        "object_pk": "646",
        "site": 1,
        "user": [
            "felicia"
        ],
        "user_name": "Felicia Svilling",
        "user_email": "felicia@svilling.eu",
        "user_url": "",
        "comment": "Winther vill inte svara p\u00e5 den fr\u00e5gan utan blir ist\u00e4llet skyldig dig en enkel g\u00e4ld.",
        "submit_date": "2017-04-07T11:33:53.334Z",
        "ip_address": "172.17.0.1",
        "is_public": true,
        "is_removed": false
    }
},
{
    "model": "django_comments.comment",
    "pk": 74,
    "fields": {
        "content_type": [
            "players",
            "action"
        ],
        "object_pk": "802",
        "site": 1,
        "user": [
            "felicia"
        ],
        "user_name": "Felicia Svilling",
        "user_email": "felicia@svilling.eu",
        "user_url": "",
        "comment": "hamnbytare eller sabbaten, os\u00e4ker p\u00e5 vilken jag tycker kan vara st\u00f6rsta hotet dock",
        "submit_date": "2017-04-07T13:31:16.191Z",
        "ip_address": "172.17.0.1",
        "is_public": true,
        "is_removed": false
    }
},
{
    "model": "django_comments.comment",
    "pk": 75,
    "fields": {
        "content_type": [
            "players",
            "action"
        ],
        "object_pk": "704",
        "site": 1,
        "user": [
            "felicia"
        ],
        "user_name": "Felicia Svilling",
        "user_email": "felicia@svilling.eu",
        "user_url": "",
        "comment": "You succed, but there is no space available above you in Universitet, so the hook becomes dislodged.",
        "submit_date": "2017-04-07T17:11:02.080Z",
        "ip_address": "172.17.0.1",
        "is_public": true,
        "is_removed": false
    }
},
{
    "model": "django_comments.comment",
    "pk": 76,
    "fields": {
        "content_type": [
            "players",
            "action"
        ],
        "object_pk": "611",
        "site": 1,
        "user": [
            "felicia"
        ],
        "user_name": "Felicia Svilling",
        "user_email": "felicia@svilling.eu",
        "user_url": "",
        "comment": "Succes",
        "submit_date": "2017-04-07T17:11:28.812Z",
        "ip_address": "172.17.0.1",
        "is_public": true,
        "is_removed": false
    }
},
{
    "model": "django_comments.comment",
    "pk": 77,
    "fields": {
        "content_type": [
            "players",
            "action"
        ],
        "object_pk": "717",
        "site": 1,
        "user": [
            "felicia"
        ],
        "user_name": "Felicia Svilling",
        "user_email": "felicia@svilling.eu",
        "user_url": "",
        "comment": "Success!",
        "submit_date": "2017-04-07T17:12:09.786Z",
        "ip_address": "172.17.0.1",
        "is_public": true,
        "is_removed": false
    }
},
{
    "model": "django_comments.comment",
    "pk": 78,
    "fields": {
        "content_type": [
            "players",
            "action"
        ],
        "object_pk": "747",
        "site": 1,
        "user": [
            "felicia"
        ],
        "user_name": "Felicia Svilling",
        "user_email": "felicia@svilling.eu",
        "user_url": "",
        "comment": "Success!",
        "submit_date": "2017-04-07T17:12:30.019Z",
        "ip_address": "172.17.0.1",
        "is_public": true,
        "is_removed": false
    }
},
{
    "model": "django_comments.comment",
    "pk": 79,
    "fields": {
        "content_type": [
            "players",
            "action"
        ],
        "object_pk": "628",
        "site": 1,
        "user": [
            "felicia"
        ],
        "user_name": "Felicia Svilling",
        "user_email": "felicia@svilling.eu",
        "user_url": "",
        "comment": "Success!",
        "submit_date": "2017-04-07T17:12:44.101Z",
        "ip_address": "172.17.0.1",
        "is_public": true,
        "is_removed": false
    }
},
{
    "model": "django_comments.comment",
    "pk": 80,
    "fields": {
        "content_type": [
            "players",
            "action"
        ],
        "object_pk": "629",
        "site": 1,
        "user": [
            "felicia"
        ],
        "user_name": "Felicia Svilling",
        "user_email": "felicia@svilling.eu",
        "user_url": "",
        "comment": "Success!",
        "submit_date": "2017-04-07T17:12:59.080Z",
        "ip_address": "172.17.0.1",
        "is_public": true,
        "is_removed": false
    }
},
{
    "model": "django_comments.comment",
    "pk": 81,
    "fields": {
        "content_type": [
            "players",
            "action"
        ],
        "object_pk": "705",
        "site": 1,
        "user": [
            "felicia"
        ],
        "user_name": "Felicia Svilling",
        "user_email": "felicia@svilling.eu",
        "user_url": "",
        "comment": "Att bli diableriserad av mina childs",
        "submit_date": "2017-04-07T20:01:28.619Z",
        "ip_address": "172.17.0.1",
        "is_public": true,
        "is_removed": false
    }
},
{
    "model": "django_comments.comment",
    "pk": 82,
    "fields": {
        "content_type": [
            "players",
            "action"
        ],
        "object_pk": "732",
        "site": 1,
        "user": [
            "felicia"
        ],
        "user_name": "Felicia Svilling",
        "user_email": "felicia@svilling.eu",
        "user_url": "",
        "comment": "Ulla Wrangel har k\u00f6pt upp gamla etnologen.\r\nValentin har f\u00e5tt tag p\u00e5 en lilith dyrkares dagbok.",
        "submit_date": "2017-04-07T21:12:01.127Z",
        "ip_address": "172.17.0.1",
        "is_public": true,
        "is_removed": false
    }
},
{
    "model": "django_comments.comment",
    "pk": 83,
    "fields": {
        "content_type": [
            "players",
            "action"
        ],
        "object_pk": "733",
        "site": 1,
        "user": [
            "felicia"
        ],
        "user_name": "Felicia Svilling",
        "user_email": "felicia@svilling.eu",
        "user_url": "",
        "comment": "F\u00f6r att stalka Harriet s\u00e5 b\u00f6r du g\u00f6ra en investigate character downtime action. F\u00f6r att finna hennes haven m\u00e5ste du g\u00f6ra en investigate charater resources.",
        "submit_date": "2017-04-07T21:12:28.866Z",
        "ip_address": "172.17.0.1",
        "is_public": true,
        "is_removed": false
    }
},
{
    "model": "django_comments.comment",
    "pk": 84,
    "fields": {
        "content_type": [
            "players",
            "action"
        ],
        "object_pk": "594",
        "site": 1,
        "user": [
            "felicia"
        ],
        "user_name": "Felicia Svilling",
        "user_email": "felicia@svilling.eu",
        "user_url": "",
        "comment": "Adam Vinsl\u00e4tt, 6 \u00e5r, blev f\u00f6rvandlad till en vampyr av demonen Svarte.\r\nAdam omfamnade Elma Berthelot.\r\nAdam hade presence 5\r\nB\u00e5da \u00e4r nu d\u00f6da.",
        "submit_date": "2017-04-07T21:12:51.306Z",
        "ip_address": "172.17.0.1",
        "is_public": true,
        "is_removed": false
    }
},
{
    "model": "django_comments.comment",
    "pk": 85,
    "fields": {
        "content_type": [
            "players",
            "action"
        ],
        "object_pk": "596",
        "site": 1,
        "user": [
            "felicia"
        ],
        "user_name": "Felicia Svilling",
        "user_email": "felicia@svilling.eu",
        "user_url": "",
        "comment": "Det finns ett tarot kort som kan anv\u00e4ndas f\u00f6r att \u00e5kalla demonen Svarte.\r\nWrangels Biokemiska Institut har en hand fr\u00e5n en varhaj.",
        "submit_date": "2017-04-07T21:13:21.354Z",
        "ip_address": "172.17.0.1",
        "is_public": true,
        "is_removed": false
    }
},
{
    "model": "django_comments.comment",
    "pk": 86,
    "fields": {
        "content_type": [
            "players",
            "action"
        ],
        "object_pk": "759",
        "site": 1,
        "user": [
            "felicia"
        ],
        "user_name": "Felicia Svilling",
        "user_email": "felicia@svilling.eu",
        "user_url": "",
        "comment": "Aliens bes\u00e4tter m\u00e4nniskor och unders\u00f6ker vad som \u00e4r typiskt m\u00e4nskligt.",
        "submit_date": "2017-04-07T21:13:40.945Z",
        "ip_address": "172.17.0.1",
        "is_public": true,
        "is_removed": false
    }
},
{
    "model": "django_comments.comment",
    "pk": 87,
    "fields": {
        "content_type": [
            "players",
            "action"
        ],
        "object_pk": "771",
        "site": 1,
        "user": [
            "felicia"
        ],
        "user_name": "Felicia Svilling",
        "user_email": "felicia@svilling.eu",
        "user_url": "",
        "comment": "Diakon Winther skapade Gossip Vampire f\u00f6r att misscreditera Crane.",
        "submit_date": "2017-04-07T21:14:14.711Z",
        "ip_address": "172.17.0.1",
        "is_public": true,
        "is_removed": false
    }
},
{
    "model": "django_comments.comment",
    "pk": 88,
    "fields": {
        "content_type": [
            "players",
            "action"
        ],
        "object_pk": "662",
        "site": 1,
        "user": [
            "felicia"
        ],
        "user_name": "Felicia Svilling",
        "user_email": "felicia@svilling.eu",
        "user_url": "",
        "comment": "En Tremere skulle nog kunna skapa ett magiskt vapen.",
        "submit_date": "2017-04-07T21:14:38.146Z",
        "ip_address": "172.17.0.1",
        "is_public": true,
        "is_removed": false
    }
},
{
    "model": "django_comments.comment",
    "pk": 89,
    "fields": {
        "content_type": [
            "players",
            "action"
        ],
        "object_pk": "813",
        "site": 1,
        "user": [
            "felicia"
        ],
        "user_name": "Felicia Svilling",
        "user_email": "felicia@svilling.eu",
        "user_url": "",
        "comment": "Den startades av Leo Rask som oroade sig \u00f6ver alla \u00f6verfall i staden.\r\nLeo Rask \u00e4r numera fullt medveten om vampyrers existens, och har organiserat anfal p\u00e5 flera i staden.\r\nGrann-organisationen \u00e4r numera allierad med St Annas Kyrka.\r\nFader Elias i St Annas f\u00f6rsamling har true faith.",
        "submit_date": "2017-04-07T21:15:05.474Z",
        "ip_address": "172.17.0.1",
        "is_public": true,
        "is_removed": false
    }
},
{
    "model": "django_comments.comment",
    "pk": 90,
    "fields": {
        "content_type": [
            "players",
            "action"
        ],
        "object_pk": "815",
        "site": 1,
        "user": [
            "felicia"
        ],
        "user_name": "Felicia Svilling",
        "user_email": "felicia@svilling.eu",
        "user_url": "",
        "comment": "Demoner i helsingkrona:\r\nNysrog, \u00e4ven kallad Svarte kan \u00e5kallas med ett tarot kort.\r\nHismael agerar online under nicket UserRed.\r\nHismael har en deal med Henrietta Olander p\u00e5 skatteverket.\r\nF\u00f6r\u00f6vrigt beskriver din bok hur man kan exorsera demoner.",
        "submit_date": "2017-04-07T21:15:31.499Z",
        "ip_address": "172.17.0.1",
        "is_public": true,
        "is_removed": false
    }
},
{
    "model": "django_comments.comment",
    "pk": 91,
    "fields": {
        "content_type": [
            "players",
            "action"
        ],
        "object_pk": "848",
        "site": 1,
        "user": [
            "felicia"
        ],
        "user_name": "Felicia Svilling",
        "user_email": "felicia@svilling.eu",
        "user_url": "",
        "comment": "Lydia Pauli. Hon bjud hem fulla ungdomsg\u00e4ng p\u00e5 \"efterfest\", men raderade sedan deras minnen med dominate. Hon drack ganska mycket blod.",
        "submit_date": "2017-04-07T21:15:53.556Z",
        "ip_address": "172.17.0.1",
        "is_public": true,
        "is_removed": false
    }
},
{
    "model": "django_comments.comment",
    "pk": 92,
    "fields": {
        "content_type": [
            "players",
            "action"
        ],
        "object_pk": "849",
        "site": 1,
        "user": [
            "felicia"
        ],
        "user_name": "Felicia Svilling",
        "user_email": "felicia@svilling.eu",
        "user_url": "",
        "comment": "En man gick runt och l\u00e4rde folk krafter genom att uts\u00e4tta dem f\u00f6r sm\u00e4rta.\r\nHan hette Ash Wolf och var n\u00e5gon slags magiker tillh\u00f6rande en grupp kallad Red Thorn Dedicants. \r\nHan ber\u00e4ttade att Lilith skapat b\u00e5de vampyrer, hamnskiftare och magiker.\r\n(Klubben hette Laretz)",
        "submit_date": "2017-04-07T21:16:27.057Z",
        "ip_address": "172.17.0.1",
        "is_public": true,
        "is_removed": false
    }
},
{
    "model": "django_comments.comment",
    "pk": 93,
    "fields": {
        "content_type": [
            "players",
            "action"
        ],
        "object_pk": "580",
        "site": 1,
        "user": [
            "felicia"
        ],
        "user_name": "Felicia Svilling",
        "user_email": "felicia@svilling.eu",
        "user_url": "",
        "comment": "Success! Edith Nordek har blivit driven till vansinne. Hon kan inte sluta prata om att alla runt henne \u00e4r d\u00f6da och h\u00e5ller p\u00e5 att rutna. Du f\u00f6rlorar ne humanity f\u00f6r att ha f\u00f6rst\u00f6rt en m\u00e4nniskas liv.",
        "submit_date": "2017-04-07T21:18:09.503Z",
        "ip_address": "172.17.0.1",
        "is_public": true,
        "is_removed": false
    }
},
{
    "model": "django_comments.comment",
    "pk": 94,
    "fields": {
        "content_type": [
            "players",
            "action"
        ],
        "object_pk": "644",
        "site": 1,
        "user": [
            "felicia"
        ],
        "user_name": "Felicia Svilling",
        "user_email": "felicia@svilling.eu",
        "user_url": "",
        "comment": "success!",
        "submit_date": "2017-04-07T21:19:05.030Z",
        "ip_address": "172.17.0.1",
        "is_public": true,
        "is_removed": false
    }
},
{
    "model": "django_comments.comment",
    "pk": 95,
    "fields": {
        "content_type": [
            "players",
            "action"
        ],
        "object_pk": "659",
        "site": 1,
        "user": [
            "felicia"
        ],
        "user_name": "Felicia Svilling",
        "user_email": "felicia@svilling.eu",
        "user_url": "",
        "comment": "Success! Din hook heter Nathanael Augustsson.",
        "submit_date": "2017-04-07T21:20:30.458Z",
        "ip_address": "172.17.0.1",
        "is_public": true,
        "is_removed": false
    }
},
{
    "model": "django_comments.comment",
    "pk": 96,
    "fields": {
        "content_type": [
            "players",
            "action"
        ],
        "object_pk": "715",
        "site": 1,
        "user": [
            "felicia"
        ],
        "user_name": "Felicia Svilling",
        "user_email": "felicia@svilling.eu",
        "user_url": "",
        "comment": "success!",
        "submit_date": "2017-04-07T21:20:46.172Z",
        "ip_address": "172.17.0.1",
        "is_public": true,
        "is_removed": false
    }
},
{
    "model": "django_comments.comment",
    "pk": 97,
    "fields": {
        "content_type": [
            "players",
            "action"
        ],
        "object_pk": "716",
        "site": 1,
        "user": [
            "felicia"
        ],
        "user_name": "Felicia Svilling",
        "user_email": "felicia@svilling.eu",
        "user_url": "",
        "comment": "Minst fem spelare m\u00e5ste skapa polis hooks f\u00f6r att det ska finnas n\u00e5gon contender i omr\u00e5det.",
        "submit_date": "2017-04-07T21:21:23.136Z",
        "ip_address": "172.17.0.1",
        "is_public": true,
        "is_removed": false
    }
},
{
    "model": "django_comments.comment",
    "pk": 98,
    "fields": {
        "content_type": [
            "players",
            "action"
        ],
        "object_pk": "1122",
        "site": 1,
        "user": [
            "MaOr"
        ],
        "user_name": "Max Ortman",
        "user_email": "phyrean@gmail.com",
        "user_url": "",
        "comment": "Have received blood for this 3 times.",
        "submit_date": "2017-05-15T22:38:07.056Z",
        "ip_address": "172.17.0.1",
        "is_public": true,
        "is_removed": false
    }
},
{
    "model": "django_comments.comment",
    "pk": 99,
    "fields": {
        "content_type": [
            "players",
            "action"
        ],
        "object_pk": "1123",
        "site": 1,
        "user": [
            "MaOr"
        ],
        "user_name": "Max Ortman",
        "user_email": "phyrean@gmail.com",
        "user_url": "",
        "comment": "Should be receiving mentoring. Have received blood",
        "submit_date": "2017-05-15T22:39:04.421Z",
        "ip_address": "172.17.0.1",
        "is_public": true,
        "is_removed": false
    }
},
{
    "model": "django_comments.comment",
    "pk": 100,
    "fields": {
        "content_type": [
            "players",
            "action"
        ],
        "object_pk": "1097",
        "site": 1,
        "user": [
            "felicia"
        ],
        "user_name": "Felicia Svilling",
        "user_email": "felicia@svilling.eu",
        "user_url": "",
        "comment": "Att bli en obstinat byrokrat eller gammaldags som einar och tappa greppet om verkligheten och g\u00e5 runt utan skor.",
        "submit_date": "2017-05-19T14:30:58.362Z",
        "ip_address": "172.17.0.1",
        "is_public": true,
        "is_removed": false
    }
},
{
    "model": "django_comments.comment",
    "pk": 101,
    "fields": {
        "content_type": [
            "players",
            "action"
        ],
        "object_pk": "1098",
        "site": 1,
        "user": [
            "felicia"
        ],
        "user_name": "Felicia Svilling",
        "user_email": "felicia@svilling.eu",
        "user_url": "",
        "comment": "Att \"d\u00f6\" den slutgiltiga d\u00f6den",
        "submit_date": "2017-05-19T15:46:41.199Z",
        "ip_address": "172.17.0.1",
        "is_public": true,
        "is_removed": false
    }
},
{
    "model": "django_comments.comment",
    "pk": 102,
    "fields": {
        "content_type": [
            "players",
            "action"
        ],
        "object_pk": "1167",
        "site": 1,
        "user": [
            "felicia"
        ],
        "user_name": "Felicia Svilling",
        "user_email": "felicia@svilling.eu",
        "user_url": "",
        "comment": "nej",
        "submit_date": "2017-05-19T16:05:28.076Z",
        "ip_address": "172.17.0.1",
        "is_public": true,
        "is_removed": false
    }
},
{
    "model": "django_comments.comment",
    "pk": 103,
    "fields": {
        "content_type": [
            "players",
            "action"
        ],
        "object_pk": "1185",
        "site": 1,
        "user": [
            "felicia"
        ],
        "user_name": "Felicia Svilling",
        "user_email": "felicia@svilling.eu",
        "user_url": "",
        "comment": "Yes. sire!",
        "submit_date": "2017-05-19T16:07:30.985Z",
        "ip_address": "172.17.0.1",
        "is_public": true,
        "is_removed": false
    }
},
{
    "model": "django_comments.comment",
    "pk": 104,
    "fields": {
        "content_type": [
            "players",
            "action"
        ],
        "object_pk": "1095",
        "site": 1,
        "user": [
            "felicia"
        ],
        "user_name": "Felicia Svilling",
        "user_email": "felicia@svilling.eu",
        "user_url": "",
        "comment": "S\u00e5 l\u00e4nge det redan finns en master s\u00e5 kan du bara bli ny master om den gammla mastern blir av med en hook.",
        "submit_date": "2017-05-19T16:55:20.737Z",
        "ip_address": "172.17.0.1",
        "is_public": true,
        "is_removed": false
    }
},
{
    "model": "django_comments.comment",
    "pk": 105,
    "fields": {
        "content_type": [
            "players",
            "action"
        ],
        "object_pk": "1118",
        "site": 1,
        "user": [
            "Johannes_J\u00f6rgensen"
        ],
        "user_name": "Johannes J\u00f6rgensen",
        "user_email": "joergensen.arbete@gmail.com",
        "user_url": "",
        "comment": "Svar: Du beh\u00f6ver hans kort f\u00f6r det. Kortet har synts i polisen Mia L\u00f6fgrens \u00e4go. Hon tycks g\u00f6mma sig f\u00f6r tillf\u00e4llet, \u00e4r visst r\u00e4dd f\u00f6r att n\u00e5gon hon utrett/utreder ska m\u00f6rda henne. Baserat p\u00e5 var hon har r\u00f6rt sig tidigare s\u00e5 tror du att hon finns i Ljunghagen.",
        "submit_date": "2017-05-19T18:16:01.210Z",
        "ip_address": "172.17.0.1",
        "is_public": true,
        "is_removed": false
    }
},
{
    "model": "django_comments.comment",
    "pk": 106,
    "fields": {
        "content_type": [
            "players",
            "action"
        ],
        "object_pk": "1199",
        "site": 1,
        "user": [
            "Johannes_J\u00f6rgensen"
        ],
        "user_name": "Johannes J\u00f6rgensen",
        "user_email": "joergensen.arbete@gmail.com",
        "user_url": "",
        "comment": "Svar: En spelarkarakt\u00e4r \u00e4r inte ett fenomen, du kan inte anv\u00e4nda den h\u00e4r action till detta.",
        "submit_date": "2017-05-19T18:18:40.041Z",
        "ip_address": "172.17.0.1",
        "is_public": true,
        "is_removed": false
    }
},
{
    "model": "django_comments.comment",
    "pk": 107,
    "fields": {
        "content_type": [
            "players",
            "action"
        ],
        "object_pk": "1079",
        "site": 1,
        "user": [
            "Johannes_J\u00f6rgensen"
        ],
        "user_name": "Johannes J\u00f6rgensen",
        "user_email": "joergensen.arbete@gmail.com",
        "user_url": "",
        "comment": "Det \u00e4r vanligt som en del av Helsingkronas nyanattklubbssv\u00e4ng och kunde vara ett bra s\u00e4tt att Jaga. Sexmagiker som Ordo Templis Orientis \u00e4r k\u00e4nda f\u00f6r att \u00e4gna sig \u00e5t det i sina ritualer.",
        "submit_date": "2017-05-19T18:20:37.412Z",
        "ip_address": "172.17.0.1",
        "is_public": true,
        "is_removed": false
    }
},
{
    "model": "django_comments.comment",
    "pk": 108,
    "fields": {
        "content_type": [
            "players",
            "action"
        ],
        "object_pk": "863",
        "site": 1,
        "user": [
            "Johannes_J\u00f6rgensen"
        ],
        "user_name": "Johannes J\u00f6rgensen",
        "user_email": "joergensen.arbete@gmail.com",
        "user_url": "",
        "comment": "Svar: Det finns m\u00e5nga myter; en svart kittel i den tidiga medeltidens Glastonbury, en k\u00e4lla som kunde kl\u00e4 en vampyr i levande k\u00f6tt f\u00f6r en dag i Mexico innan spanjorernas ankomst. Men det \u00e4r f\u00f6ga mer \u00e4n myter. Tv\u00e5 v\u00e4gar verkar mer givande: Antingen g\u00e5 v\u00e4gen via den mytiska Golconda, det finns viskningar om en man i Dalhem som kan veta mer. Eller s\u00e5 byter man kropp med n\u00e5gon d\u00f6dlig, det s\u00e4gs att det har h\u00e4nt ibland.",
        "submit_date": "2017-05-19T18:22:12.076Z",
        "ip_address": "172.17.0.1",
        "is_public": true,
        "is_removed": false
    }
},
{
    "model": "django_comments.comment",
    "pk": 109,
    "fields": {
        "content_type": [
            "players",
            "action"
        ],
        "object_pk": "957",
        "site": 1,
        "user": [
            "Johannes_J\u00f6rgensen"
        ],
        "user_name": "Johannes J\u00f6rgensen",
        "user_email": "joergensen.arbete@gmail.com",
        "user_url": "",
        "comment": "Svar: Den d\u00f6de Stockholmaren var en politisk kontakt Lydia Pauli f\u00f6rs\u00f6kt odla i Stockholm i ett f\u00f6rs\u00f6k att etablera ett n\u00e4t av Hooks i staden och ta \u00f6ver den ist\u00e4llet f\u00f6r exil-camarillan i Uppsala. Huvudet var en varning fr\u00e5n n\u00e4mnda uppsalabor att de visste vad hon h\u00f6ll p\u00e5 med och ett f\u00f6rs\u00f6k att skr\u00e4mma bort henne.",
        "submit_date": "2017-05-19T18:24:46.508Z",
        "ip_address": "172.17.0.1",
        "is_public": true,
        "is_removed": false
    }
},
{
    "model": "django_comments.comment",
    "pk": 110,
    "fields": {
        "content_type": [
            "players",
            "action"
        ],
        "object_pk": "1066",
        "site": 1,
        "user": [
            "Johannes_J\u00f6rgensen"
        ],
        "user_name": "Johannes J\u00f6rgensen",
        "user_email": "joergensen.arbete@gmail.com",
        "user_url": "",
        "comment": "Aliens har inte tycks intresserade av sex med varandra i syfte att f\u00f6r\u00f6ka sig. Allt du hittar antyder att de \u00e4r mer intresserade av m\u00e4nniskors sexualitet, men f\u00f6rst\u00e5r den inte riktigt (vilket f\u00f6rmodligen driver p\u00e5 intresset).",
        "submit_date": "2017-05-19T18:26:37.110Z",
        "ip_address": "172.17.0.1",
        "is_public": true,
        "is_removed": false
    }
},
{
    "model": "django_comments.comment",
    "pk": 111,
    "fields": {
        "content_type": [
            "players",
            "action"
        ],
        "object_pk": "1077",
        "site": 1,
        "user": [
            "Johannes_J\u00f6rgensen"
        ],
        "user_name": "Johannes J\u00f6rgensen",
        "user_email": "joergensen.arbete@gmail.com",
        "user_url": "",
        "comment": "Svar: Einars skog, Varbyskogen, \u00e4r extremt v\u00e4l bevakad, dels av Einar, dels av hans djur. En sabbathmedlem blev f\u00f6r n\u00e5gra m\u00e5nader sedan f\u00e5ngad h\u00e4r av Einar som dock sl\u00e4ppte den igen. F\u00f6r n\u00e5gon m\u00e5nad sedan gr\u00e4vde Einar ner ett stort byllte i skogen.",
        "submit_date": "2017-05-19T18:27:44.589Z",
        "ip_address": "172.17.0.1",
        "is_public": true,
        "is_removed": false
    }
},
{
    "model": "django_comments.comment",
    "pk": 112,
    "fields": {
        "content_type": [
            "players",
            "action"
        ],
        "object_pk": "1120",
        "site": 1,
        "user": [
            "Johannes_J\u00f6rgensen"
        ],
        "user_name": "Johannes J\u00f6rgensen",
        "user_email": "joergensen.arbete@gmail.com",
        "user_url": "",
        "comment": "Svar: Lillith \u00e4r vampyrernas moder (enligt m\u00e5nga myter), hon var den f\u00f6rsta kvinnan, gjorde uppror mot JHVH, \u00e5t av b\u00e5de kunskapens och livets tr\u00e4d och blev hans j\u00e4mb\u00f6rdige. Dumpade honom och stack. Hon v\u00e4grade vika sig och led f\u00f6r det, men i lidandet fann hon styrka, sanning, mening och frihet. Skapade en egen tr\u00e4dg\u00e5rd och tog Lucifer som \u00e4lskare. Hon finns n\u00e4rvarande varje g\u00e5ng n\u00e5gon krossar sina bojor och v\u00e4ljer sm\u00e4rta och frihet framf\u00f6r likn\u00f6jdhet och r\u00e4dsla.",
        "submit_date": "2017-05-19T18:28:43.788Z",
        "ip_address": "172.17.0.1",
        "is_public": true,
        "is_removed": false
    }
},
{
    "model": "django_comments.comment",
    "pk": 113,
    "fields": {
        "content_type": [
            "players",
            "action"
        ],
        "object_pk": "1197",
        "site": 1,
        "user": [
            "Johannes_J\u00f6rgensen"
        ],
        "user_name": "Johannes J\u00f6rgensen",
        "user_email": "joergensen.arbete@gmail.com",
        "user_url": "",
        "comment": "Svar: Sorry, du kan inte st\u00e4lla fr\u00e5or om spelarkarakt\u00e4rer via den actionen.",
        "submit_date": "2017-05-19T18:30:14.151Z",
        "ip_address": "172.17.0.1",
        "is_public": true,
        "is_removed": false
    }
},
{
    "model": "django_comments.comment",
    "pk": 114,
    "fields": {
        "content_type": [
            "players",
            "action"
        ],
        "object_pk": "1121",
        "site": 1,
        "user": [
            "Johannes_J\u00f6rgensen"
        ],
        "user_name": "Johannes J\u00f6rgensen",
        "user_email": "joergensen.arbete@gmail.com",
        "user_url": "",
        "comment": "Svar: Tyrfing \u00e4r ett mytiskt magiskt sv\u00e4rd som kr\u00e4vde ett liv varje g\u00e5ng den drogs. Den ska ha en koppling till Varbyskogens stenring, men exakt vad det \u00e4r f\u00f6r koppling beh\u00f6ver man hj\u00e4lp av en Varbj\u00f6rn f\u00f6r att l\u00f6sa.",
        "submit_date": "2017-05-19T18:30:59.220Z",
        "ip_address": "172.17.0.1",
        "is_public": true,
        "is_removed": false
    }
},
{
    "model": "django_comments.comment",
    "pk": 115,
    "fields": {
        "content_type": [
            "players",
            "action"
        ],
        "object_pk": "1151",
        "site": 1,
        "user": [
            "Johannes_J\u00f6rgensen"
        ],
        "user_name": "Johannes J\u00f6rgensen",
        "user_email": "joergensen.arbete@gmail.com",
        "user_url": "",
        "comment": "Svar: Tessan ledde en liga som specialiserade sig p\u00e5 kidnappning av rika personer. F\u00f6r n\u00e5gon m\u00e5nad sedan r\u00e5kade de kidnappa Lydia Pauli\u2019s make Nicolaus Pauli, som dock r\u00e4ddades av Faye Morgan. Delar av g\u00e4nget \u00e4r troligtvis d\u00f6da, medan resten ligger extremt l\u00e5gt. Troligtvis nere i s\u00f6dra Europa. De \u00e4r dock duktiga och kan n\u00e5s via tessan@removals.com.",
        "submit_date": "2017-05-19T18:31:52.473Z",
        "ip_address": "172.17.0.1",
        "is_public": true,
        "is_removed": false
    }
},
{
    "model": "django_comments.comment",
    "pk": 116,
    "fields": {
        "content_type": [
            "players",
            "action"
        ],
        "object_pk": "900",
        "site": 1,
        "user": [
            "Johannes_J\u00f6rgensen"
        ],
        "user_name": "Johannes J\u00f6rgensen",
        "user_email": "joergensen.arbete@gmail.com",
        "user_url": "",
        "comment": "Om Alien Mating: Svar: Aliens har inte tyckts vara intresserade av sex med varandra i syfte att f\u00f6r\u00f6ka sig. Allt du hittar antyder att de \u00e4r mer intresserade av m\u00e4nniskors sexualitet, men f\u00f6rst\u00e5r den inte riktigt (vilket f\u00f6rmodligen driver p\u00e5 intresset). De Tv\u00e5 som tycks vara aktiva i Helsingkrona skulle f\u00f6rmodligen b\u00e4gge kunna intresseras f\u00f6r \u00e4mnet, men deras experiment skulle vara v\u00e4ldigt olika. Den ene \u00e4r extremt sadistisk, den andra mest intresserad av hur m\u00e4nniskor beter sig i udda situationer.",
        "submit_date": "2017-05-19T18:33:59.221Z",
        "ip_address": "172.17.0.1",
        "is_public": true,
        "is_removed": false
    }
},
{
    "model": "django_comments.comment",
    "pk": 117,
    "fields": {
        "content_type": [
            "players",
            "action"
        ],
        "object_pk": "902",
        "site": 1,
        "user": [
            "Johannes_J\u00f6rgensen"
        ],
        "user_name": "Johannes J\u00f6rgensen",
        "user_email": "joergensen.arbete@gmail.com",
        "user_url": "",
        "comment": "Henrietta Olander, Revisorn, Skatteverket, Mark Adolvsson, Socialarbetare, och \r\nEwert Johnsson, Statsplanerare p\u00e5 Svenska institutet, Dessa tre tr\u00e4ffas ofta privat och verkar ha n\u00e5got fuffens f\u00f6r sig.",
        "submit_date": "2017-05-19T18:39:05.529Z",
        "ip_address": "172.17.0.1",
        "is_public": true,
        "is_removed": false
    }
},
{
    "model": "django_comments.comment",
    "pk": 118,
    "fields": {
        "content_type": [
            "players",
            "feeding"
        ],
        "object_pk": "86",
        "site": 1,
        "user": [
            "Johannes_J\u00f6rgensen"
        ],
        "user_name": "Johannes J\u00f6rgensen",
        "user_email": "joergensen.arbete@gmail.com",
        "user_url": "",
        "comment": "[N\u00e4r du snirklat dig in med din l\u00f6gn om att vara detektiv hos Agda Hansson visar det sig att Agda \u00e4r nervig \u00f6ver att hon odlar Marijuana i en garderob. Hon attackerar dig med en kolsyrebrandsl\u00e4ckare, n\u00e4r UVlampan f\u00e5r din hy att bete sig konstigt,  f\u00e5r syn p\u00e5 dina huggt\u00e4nder och f\u00f6rs\u00f6ker fly. D\u00f6dar du henne och f\u00f6rlorar eventuellt humanity  eller tar du risken f\u00f6r maskeradbrott?]",
        "submit_date": "2017-05-19T18:56:14.597Z",
        "ip_address": "172.17.0.1",
        "is_public": true,
        "is_removed": false
    }
},
{
    "model": "django_comments.comment",
    "pk": 119,
    "fields": {
        "content_type": [
            "players",
            "feeding"
        ],
        "object_pk": "97",
        "site": 1,
        "user": [
            "Johannes_J\u00f6rgensen"
        ],
        "user_name": "Johannes J\u00f6rgensen",
        "user_email": "joergensen.arbete@gmail.com",
        "user_url": "",
        "comment": "2 incidenter:\r\n1 : [Joggaren i sp\u00e5ret du smugit dig upp p\u00e5 har en kompis som kommer upp bakifr\u00e5n. Hen fotograferar dig i full f\u00e4rd att \u00e4ta. D\u00f6dar du dem b\u00e4gge  och f\u00f6rlorar eventuellt humanity  eller tar du risken f\u00f6r maskeradbrott?]\r\n2: [En \u00e4ldre dam kommer p\u00e5 dig n\u00e4r du tv\u00e4ttar bort blodet du \u00e4r t\u00e4ckt i p\u00e5 en offentlig toalett. R\u00f6jer du undan henne eller l\u00e5ter du henne l\u00f6pa med sin historia, dvs f\u00f6rlorar eventuellt humanity  eller tar risken f\u00f6r maskeradbrott?]",
        "submit_date": "2017-05-19T19:06:40.110Z",
        "ip_address": "172.17.0.1",
        "is_public": true,
        "is_removed": false
    }
},
{
    "model": "players.actiontype",
    "pk": 1,
    "fields": {
        "name": "Aid Action",
        "template": "**Slag:** Varierar\r\n\r\nDu hj\u00e4lper/eller stj\u00e4lper en annan karakt\u00e4r. Du skickar in en Aid Action-handling och anger en handling som en annan karakt\u00e4r t\u00e4nker genomf\u00f6ra och om du vill hj\u00e4lpa eller stj\u00e4lpa. Om de har skickat in handlingen som du anger s\u00e5 f\u00e5r de v\u00e4lja om de vill motta din Aid Action. De fr\u00e5n INTE veta om du kommer hj\u00e4lpa eller stj\u00e4lpa (du f\u00e5r givetvis p\u00e5st\u00e5 vad du vill). Om de vill ta emot din hj\u00e4lp sl\u00e5r du samma slag som de g\u00f6r och l\u00e4gger till/drar ifr\u00e5n dina lyckade till deras. Den du hj\u00e4lper \u00e4r dock den som f\u00e5r effekten av en lyckad handling. Om handlingen du hj\u00e4lper inneb\u00e4r en risk s\u00e5 kan den drabba \u00e4ven dig.",
        "no_roll": false,
        "aid_action": true
    }
},
{
    "model": "players.actiontype",
    "pk": 2,
    "fields": {
        "name": "Conserve (Influence)",
        "template": "**Slag:**\r\n\r\n- **SKYDDA DOM\u00c4N:** Charisma + Inflytandets Ability + Dominate\\* + 3 Automatiska lyckade VS Motst\u00e5ndarens slag f\u00f6r INFLUENCE (Steal) eller INFLUENCE (destroy)\r\n- **SP\u00c5RA ANGRIPARE:** Manipulation + Inflytandets Ability + Auspex\\* VS Motst\u00e5ndarens slag f\u00f6r att d\u00f6lja sig\r\n\r\nDu f\u00f6rst\u00e4rker din kontroll \u00f6ver ett av dina etablerade inflytandeomr\u00e5den och f\u00e5r m\u00f6jlighet att uppt\u00e4cka vem som genomf\u00f6r eventuella angrepp. Vanligtvis f\u00f6rsvarar du ditt inflytande med Inflytandets ability + Dominate, men med conserve influence-handlingen f\u00e5r du l\u00e4gga till din charisma och f\u00e5r dessutom tre automatiska lyckade.",
        "no_roll": false,
        "aid_action": false
    }
},
{
    "model": "players.actiontype",
    "pk": 3,
    "fields": {
        "name": "Conserve (Domain)",
        "template": "**Slag:** \r\n\r\n- **HINDRA PROBLEM:** Intelligence + Leadership/Streetwise + Animalism VS Sv\u00e5righetsgrad p\u00e5 problem\r\n- **UPPT\u00c4CKA JAKT:** Wits + Leadership/Streetwise + Protean\\* VS Motst\u00e5ndarens slag f\u00f6r att d\u00f6lja sig\r\n\r\nDu minskar de omedelbara effekterna av problem som uppst\u00e5r p\u00e5 din dom\u00e4n till f\u00f6ljd av ploter, downtimehandlingar och overfeeding. Du f\u00e5r ocks\u00e5 sl\u00e5 slag f\u00f6r att uppt\u00e4cka vem/vilka som overfeedat i din dom\u00e4n.",
        "no_roll": false,
        "aid_action": false
    }
},
{
    "model": "players.actiontype",
    "pk": 5,
    "fields": {
        "name": "Acquire (Influence)",
        "template": "**Slag:**\r\n\r\n- **STJ\u00c4LA HOOK:** Charisma + Inflytandes Ability + Presence\\* VS Most\u00e5ndarens basslag (Inflytandets Ability + Dominate\\*) ELLER CONSERVE (Influence)\r\n- **D\u00d6LJA SP\u00c5R:** Manipulation + Stealth + Obfuscate\\* VS Motst\u00e5ndarens slag f\u00f6r att uppt\u00e4cka \r\n\r\nKrav: Namngiven karakta\u0308r som a\u0308r en hook tillho\u0308rande en annan karakta\u0308r\r\n\r\nDu stja\u0308l en ny hook fo\u0308rutsatt att det finns en ledig plats fo\u0308r dig. I annat fall frigo\u0308rs hooken sa\u030a att ingen la\u0308ngre kontrollerar den. Du fa\u030ar sla\u030a ett slag fo\u0308r att do\u0308lja din inblandning. Se Influence (Forge) fo\u0308r mer information.",
        "no_roll": false,
        "aid_action": false
    }
},
{
    "model": "players.actiontype",
    "pk": 6,
    "fields": {
        "name": "Destroy (Influence)",
        "template": "**Slag:**\r\n\r\n- **F\u00d6RST\u00d6RA INFLYTANDE:** Valfri kombination av Strength/Charisma/Intelligence + Inflytandets \t\t\t\t\t\tAbility/Combat/Intimidation + Celerity*/Fortitude*/Potence*/Dementation* VS Most\u00e5ndarens basslag (Inflytandets Ability + Dominate*) ELLER CONSERVE (Influence)\r\n- **D\u00d6LJA SP\u00c5R:** Manipulation + Stealth + Obfuscate* VS Motst\u00e5ndarens slag f\u00f6r att uppt\u00e4cka\r\n\r\n**Krav:** Namngiven karakt\u00e4r som \u00e4r en hook tillh\u00f6rande en annan karakt\u00e4r OCH F\u00f6rlora en Humanityniv\u00e5\r\n\r\nDu f\u00f6rst\u00f6r permanent en hook. Du f\u00e5r sl\u00e5 ett slag f\u00f6r att d\u00f6lja din inblandning.",
        "no_roll": false,
        "aid_action": false
    }
},
{
    "model": "players.actiontype",
    "pk": 7,
    "fields": {
        "name": "Investigate (Character: Influence)",
        "template": "**Slag:** Manipulation + Investigation + Auspex\\* VS Special\r\n\r\nDu unders\u00f6ker en karakt\u00e4rs inflytande. Du f\u00e5r spendera dina lyckade f\u00f6r att f\u00e5 information enligt f\u00f6ljande:\r\n\r\n* Alla Masterniv\u00e5er 1\r\n* Alla Master och Contenderniv\u00e5er 2\r\n* Alla Inflytandeniv\u00e5er 3\r\n* Alla hooks i ett valt inflytande 2\r\n* En hook i ett valt inflytande 1\r\n* En k\u00e4nd hooks keywords 1\r\n\r\nN\u00e4r t\u00e4rningarna slagits s\u00e5 spenderar du alla dina lyckade samtidigt. Om det inte finns n\u00e5gon information att h\u00e4mta s\u00e5 g\u00e5r dina lyckade \u00e5t f\u00f6r att f\u00e5 reda p\u00e5 det. Om du inte kan spendera dina lyckade j\u00e4mnt s\u00e5 g\u00e5r oanv\u00e4nda till spillo.",
        "no_roll": false,
        "aid_action": false
    }
},
{
    "model": "players.actiontype",
    "pk": 8,
    "fields": {
        "name": "Investigate (Character: Resources)",
        "template": "**Slag:** Wits + Investigation + Protean\\* VS Special\r\n\r\nDu unders\u00f6ker en karakt\u00e4rs backgrounds och feeding. Du f\u00e5r spendera dina lyckade f\u00f6r att f\u00e5 information enligt f\u00f6ljande:\r\n\r\nEn slumpm\u00e4ssigt background 1\r\nEn vald typ av background 1\r\nHur mycket blod som tagits och var 3\r\nHur m\u00e5nga Resource points karakt\u00e4ren har 3\r\n\r\nN\u00e4r t\u00e4rningarna slagits s\u00e5 spenderar du alla dina lyckade samtidigt. Om du spenderar mer lyckade \u00e4n det finns backgrounds s\u00e5 g\u00e5r de till spillo.",
        "no_roll": false,
        "aid_action": false
    }
},
{
    "model": "players.actiontype",
    "pk": 9,
    "fields": {
        "name": "Investigate (Character: Downtime Actions)",
        "template": "**Slag:** Wits + Investigation + Protean\\* VS Wits + Stealth + Obfuscate\\*\r\n\r\nDu unders\u00f6ker vilka downtime-handlingar en spelare har valt och kan v\u00e4lja att ingripa f\u00f6r att stoppa n\u00e5gon av dem. Om du lyckas s\u00e5 f\u00e5r du en lista av handlingar och kan s\u00e4tta en scen d\u00e4r du ingriper p\u00e5 ett s\u00e4tt som du finner l\u00e4mpligt.\r\n",
        "no_roll": false,
        "aid_action": false
    }
},
{
    "model": "players.actiontype",
    "pk": 10,
    "fields": {
        "name": "Investigate (Counterespionage)",
        "template": "**Slag:** Wits + Investigation + Protean\\* VS Wits + Stealth + Obfuscate\\*\r\n\r\nDu unders\u00f6ker om n\u00e5gon f\u00f6rs\u00f6ker ta reda p\u00e5 saker om dig eller dina inflytanden. Du f\u00e5r en lista p\u00e5 alla om har unders\u00f6kt dig som du har f\u00e5tt lika m\u00e5nga eller fler lyckade som.",
        "no_roll": false,
        "aid_action": false
    }
},
{
    "model": "players.actiontype",
    "pk": 11,
    "fields": {
        "name": "Investigate (Phenomenon)",
        "template": "**Slag:** Wits + Investigation + Dementation\\* VS Special\r\n\r\nDu f\u00f6rs\u00f6ker ta reda p\u00e5 information om ett settingelement. Fler lyckade ger mer, b\u00e4ttre information. Det \u00e4r m\u00f6jligt att v\u00e4lja ett inflytandeomr\u00e5de, i s\u00e5dana fall ger 1 lyckad ett os\u00e4kert rykte och 3 lyckade ett s\u00e4kert rykte.",
        "no_roll": false,
        "aid_action": false
    }
},
{
    "model": "players.actiontype",
    "pk": 12,
    "fields": {
        "name": "Investigate (Influence)",
        "template": "**Slag:** Manipulation + Inflytandes Ability + Auspex\\*  VS Special\r\n\r\nDu unders\u00f6ker det allm\u00e4nna l\u00e4get inom ett inflytandeomr\u00e5de. Den f\u00f6rsta lyckade ger vem som \u00e4r master och contenders, alla f\u00f6ljande lyckade ger slumpm\u00e4ssiga hooks inom inflytandet.",
        "no_roll": false,
        "aid_action": false
    }
},
{
    "model": "players.actiontype",
    "pk": 16,
    "fields": {
        "name": "Rest",
        "template": "Du a\u030aterfa\u030ar alla spenderad Willpower.",
        "no_roll": true,
        "aid_action": false
    }
},
{
    "model": "players.actiontype",
    "pk": 17,
    "fields": {
        "name": "Patrol (Domain)",
        "template": "Lagmannen kan v\u00e4lja ett omr\u00e5de d\u00e4r det uppst\u00e5r ett Problem mindre under downtime.",
        "no_roll": true,
        "aid_action": false
    }
},
{
    "model": "players.actiontype",
    "pk": 18,
    "fields": {
        "name": "Neglect (Domain)",
        "template": "Lagmannen kan v\u00e4lja ett omr\u00e5de d\u00e4r det uppst\u00e5r ett Problem mer under downtime.",
        "no_roll": true,
        "aid_action": false
    }
},
{
    "model": "players.actiontype",
    "pk": 19,
    "fields": {
        "name": "Question (Keeper)",
        "template": "Elysiem\u00e4staren f\u00e5r st\u00e4lla vars en personlig fr\u00e5ga till tre valfria bes\u00f6kare p\u00e5 Elysium. Bes\u00f6karen m\u00e5ste svara \u00e4rligt eller betala en Liten G\u00e4ld. Om information avsl\u00f6jas beslutar spelarna hur den har framkommit.",
        "no_roll": true,
        "aid_action": false
    }
},
{
    "model": "players.actiontype",
    "pk": 20,
    "fields": {
        "name": "Aid Action (Primogen)",
        "template": "Primogener har en extra downtimehandling som endast kan anv\u00e4ndas till Aid Action till n\u00e5gon inom klanen.",
        "no_roll": false,
        "aid_action": true
    }
},
{
    "model": "players.actiontype",
    "pk": 21,
    "fields": {
        "name": "Question (Primogen)",
        "template": "Primogener f\u00e5r st\u00e4lla en personlig fr\u00e5ga till en valfri klanmedlem. Klanmedlemmen m\u00e5ste svara \u00e4rligt eller betala en ansenlig G\u00e4ld. Om information avsl\u00f6jas beslutar spelarna hur den har framkommit.",
        "no_roll": true,
        "aid_action": false
    }
},
{
    "model": "players.actiontype",
    "pk": 22,
    "fields": {
        "name": "Invest (Equipment)",
        "template": "Du bo\u0308rjar skaffa dig en ny Equipment enligt inla\u0308rningsreglerna.",
        "no_roll": true,
        "aid_action": false
    }
},
{
    "model": "players.actiontype",
    "pk": 23,
    "fields": {
        "name": "Invest (Ghoul)",
        "template": "Du bo\u0308rjar skaffa dig en ny ghoul enligt inla\u0308rningsreglerna.",
        "no_roll": true,
        "aid_action": false
    }
},
{
    "model": "players.actiontype",
    "pk": 24,
    "fields": {
        "name": "Invest (Haven)",
        "template": "Du bo\u0308rjar skaffa dig en ny haven enligt inla\u0308rningsreglerna.",
        "no_roll": true,
        "aid_action": false
    }
},
{
    "model": "players.actiontype",
    "pk": 25,
    "fields": {
        "name": "Invest (Herd)",
        "template": "Du bo\u0308rjar skaffa dig en ny herd enligt inla\u0308rningsreglerna.",
        "no_roll": true,
        "aid_action": false
    }
},
{
    "model": "players.actiontype",
    "pk": 26,
    "fields": {
        "name": "Invest (Weapon)",
        "template": "Du bo\u0308rjar skaffa dig ett nytt vapen enligt inla\u0308rningsreglerna.",
        "no_roll": true,
        "aid_action": false
    }
},
{
    "model": "players.actiontype",
    "pk": 27,
    "fields": {
        "name": "Learn (Attribute)",
        "template": "Du bo\u0308rjar att la\u0308ra dig ett nytt steg p\u00e5 ett Attribute enligt inla\u0308rningsreglerna.",
        "no_roll": true,
        "aid_action": false
    }
},
{
    "model": "players.actiontype",
    "pk": 28,
    "fields": {
        "name": "Learn (Discipline)",
        "template": "Du bo\u0308rjar att la\u0308ra dig ett nytt steg p\u00e5 en Discipline enligt inla\u0308rningsreglerna.",
        "no_roll": true,
        "aid_action": false
    }
},
{
    "model": "players.actiontype",
    "pk": 29,
    "fields": {
        "name": "Learn (Specialization)",
        "template": "Du bo\u0308rjar att la\u0308ra dig en ny specialization, men tappar samtidigt en gammal, enligt inla\u0308rningsreglerna.",
        "no_roll": true,
        "aid_action": false
    }
},
{
    "model": "players.actiontype",
    "pk": 30,
    "fields": {
        "name": "Mentor (Attribute)",
        "template": "Du ger mentorbonusen till na\u030agon fo\u0308r ett Attribute du a\u0308r kvalificerad att la\u0308ra dem enligt inla\u0308rningsreglerna.",
        "no_roll": true,
        "aid_action": false
    }
},
{
    "model": "players.actiontype",
    "pk": 31,
    "fields": {
        "name": "Mentor (Discipline)",
        "template": "Du ger mentorbonusen till na\u030agon fo\u0308r en Discipline du a\u0308r kvalificerad att la\u0308ra dem enligt inla\u0308rningsreglerna.",
        "no_roll": true,
        "aid_action": false
    }
},
{
    "model": "players.actiontype",
    "pk": 32,
    "fields": {
        "name": "Mentor (Specialization)",
        "template": "Du ger mentorbonusen till na\u030agon fo\u0308r en Specialization du a\u0308r kvalificerad att la\u0308ra dem enligt inla\u0308rningsreglerna.",
        "no_roll": true,
        "aid_action": false
    }
},
{
    "model": "players.actiontype",
    "pk": 33,
    "fields": {
        "name": "Aid Action (Ghoul)",
        "template": "",
        "no_roll": false,
        "aid_action": true
    }
},
{
    "model": "players.actiontype",
    "pk": 34,
    "fields": {
        "name": "Learn (Advantage)",
        "template": "",
        "no_roll": true,
        "aid_action": false
    }
},
{
    "model": "players.actiontype",
    "pk": 35,
    "fields": {
        "name": "Assign (XP)",
        "template": "",
        "no_roll": true,
        "aid_action": false
    }
},
{
    "model": "players.actionoption",
    "pk": 1,
    "fields": {
        "name": "Any Action",
        "count": 4,
        "action_types": [
            1,
            2,
            3,
            5,
            6,
            7,
            8,
            9,
            10,
            11,
            12,
            16,
            22,
            23,
            24,
            25,
            26,
            27,
            28,
            29,
            30,
            31,
            32,
            34
        ]
    }
},
{
    "model": "players.actionoption",
    "pk": 2,
    "fields": {
        "name": "Mentor / Invest / Learn",
        "count": 1,
        "action_types": [
            22,
            23,
            24,
            25,
            26,
            27,
            28,
            29,
            30,
            31,
            32,
            34
        ]
    }
},
{
    "model": "players.actionoption",
    "pk": 3,
    "fields": {
        "name": "Mentor",
        "count": 1,
        "action_types": [
            30,
            31,
            32
        ]
    }
},
{
    "model": "players.actionoption",
    "pk": 4,
    "fields": {
        "name": "Influence Steal",
        "count": 1,
        "action_types": [
            5
        ]
    }
},
{
    "model": "players.actionoption",
    "pk": 5,
    "fields": {
        "name": "Invest / Learn",
        "count": 1,
        "action_types": [
            22,
            23,
            24,
            25,
            26,
            27,
            28,
            29,
            34
        ]
    }
},
{
    "model": "players.actionoption",
    "pk": 6,
    "fields": {
        "name": "Conserve (Influence)",
        "count": 1,
        "action_types": [
            2
        ]
    }
},
{
    "model": "players.actionoption",
    "pk": 7,
    "fields": {
        "name": "Aid Action",
        "count": 1,
        "action_types": [
            1
        ]
    }
},
{
    "model": "players.actionoption",
    "pk": 8,
    "fields": {
        "name": "Patrol (Domain)",
        "count": 1,
        "action_types": [
            17
        ]
    }
},
{
    "model": "players.actionoption",
    "pk": 9,
    "fields": {
        "name": "Neglect (Domain)",
        "count": 1,
        "action_types": [
            18
        ]
    }
},
{
    "model": "players.actionoption",
    "pk": 10,
    "fields": {
        "name": "Investigate",
        "count": 1,
        "action_types": [
            7,
            8,
            9,
            10,
            11,
            12
        ]
    }
},
{
    "model": "players.actionoption",
    "pk": 11,
    "fields": {
        "name": "Question (Keeper)",
        "count": 3,
        "action_types": [
            19
        ]
    }
},
{
    "model": "players.actionoption",
    "pk": 12,
    "fields": {
        "name": "Question (Primogen)",
        "count": 1,
        "action_types": [
            21
        ]
    }
},
{
    "model": "players.actionoption",
    "pk": 13,
    "fields": {
        "name": "Aid Action (Primogen)",
        "count": 1,
        "action_types": [
            20
        ]
    }
},
{
    "model": "players.actionoption",
    "pk": 14,
    "fields": {
        "name": "Aid Action",
        "count": 1,
        "action_types": [
            1
        ]
    }
},
{
    "model": "players.actionoption",
    "pk": 15,
    "fields": {
        "name": "Investigate",
        "count": 2,
        "action_types": [
            7,
            8,
            9,
            10,
            11,
            12
        ]
    }
},
{
    "model": "players.actionoption",
    "pk": 16,
    "fields": {
        "name": "Aid Action",
        "count": 2,
        "action_types": [
            1
        ]
    }
},
{
    "model": "players.actionoption",
    "pk": 17,
    "fields": {
        "name": "Aid Action (Ghoul)",
        "count": 1,
        "action_types": [
            33
        ]
    }
},
{
    "model": "players.actionoption",
    "pk": 18,
    "fields": {
        "name": "Assign (XP)",
        "count": 1,
        "action_types": [
            35
        ]
    }
},
{
    "model": "players.season",
    "pk": 1,
    "fields": {
        "name": "Helsingkrona",
        "theme": "Kunskap",
        "is_open": false
    }
},
{
    "model": "players.season",
    "pk": 2,
    "fields": {
        "name": "K\u00f6penhamn",
        "theme": "Konspirationer",
        "is_open": true
    }
},
{
    "model": "players.influence",
    "pk": 1,
    "fields": {
        "name": "Politik"
    }
},
{
    "model": "players.influence",
    "pk": 2,
    "fields": {
        "name": "Media"
    }
},
{
    "model": "players.influence",
    "pk": 3,
    "fields": {
        "name": "Turism och Kultur"
    }
},
{
    "model": "players.influence",
    "pk": 4,
    "fields": {
        "name": "V\u00e4lg\u00f6renhet"
    }
},
{
    "model": "players.influence",
    "pk": 6,
    "fields": {
        "name": "Milit\u00e4r"
    }
},
{
    "model": "players.influence",
    "pk": 8,
    "fields": {
        "name": "Undre V\u00e4rlden"
    }
},
{
    "model": "players.population",
    "pk": 1,
    "fields": {
        "name": "Bohemer"
    }
},
{
    "model": "players.specialization",
    "pk": 1,
    "fields": {
        "name": "Vigilance"
    }
},
{
    "model": "players.specialization",
    "pk": 2,
    "fields": {
        "name": "Athletics"
    }
},
{
    "model": "players.specialization",
    "pk": 3,
    "fields": {
        "name": "Persuation"
    }
},
{
    "model": "players.specialization",
    "pk": 4,
    "fields": {
        "name": "Combat"
    }
},
{
    "model": "players.specialization",
    "pk": 6,
    "fields": {
        "name": "Technology"
    }
},
{
    "model": "players.specialization",
    "pk": 7,
    "fields": {
        "name": "Lore"
    }
},
{
    "model": "players.specialization",
    "pk": 8,
    "fields": {
        "name": "Stealth"
    }
},
{
    "model": "players.specialization",
    "pk": 10,
    "fields": {
        "name": "Investigation"
    }
},
{
    "model": "players.specialization",
    "pk": 19,
    "fields": {
        "name": "Education"
    }
},
{
    "model": "players.title",
    "pk": 1,
    "fields": {
        "name": "Furste",
        "action_options": [
            6
        ]
    }
},
{
    "model": "players.title",
    "pk": 2,
    "fields": {
        "name": "Seneskalk",
        "action_options": [
            16
        ]
    }
},
{
    "model": "players.title",
    "pk": 3,
    "fields": {
        "name": "Sheriff",
        "action_options": [
            8,
            9
        ]
    }
},
{
    "model": "players.title",
    "pk": 4,
    "fields": {
        "name": "Fiskal",
        "action_options": [
            10
        ]
    }
},
{
    "model": "players.title",
    "pk": 5,
    "fields": {
        "name": "J\u00e4gare",
        "action_options": []
    }
},
{
    "model": "players.title",
    "pk": 6,
    "fields": {
        "name": "Harpya",
        "action_options": [
            18
        ]
    }
},
{
    "model": "players.title",
    "pk": 7,
    "fields": {
        "name": "Elysiem\u00e4stare",
        "action_options": [
            11
        ]
    }
},
{
    "model": "players.title",
    "pk": 8,
    "fields": {
        "name": "Dom\u00e4n\u00e4gare",
        "action_options": []
    }
},
{
    "model": "players.title",
    "pk": 9,
    "fields": {
        "name": "Primogen",
        "action_options": [
            12,
            13
        ]
    }
},
{
    "model": "players.age",
    "pk": 1,
    "fields": {
        "name": "Novis",
        "generation": 0,
        "backgrounds": 0,
        "action_options": [
            1,
            2,
            5
        ]
    }
},
{
    "model": "players.age",
    "pk": 2,
    "fields": {
        "name": "Neonat",
        "generation": 0,
        "backgrounds": 0,
        "action_options": [
            1,
            2,
            5
        ]
    }
},
{
    "model": "players.age",
    "pk": 3,
    "fields": {
        "name": "Ancilla",
        "generation": 0,
        "backgrounds": 0,
        "action_options": [
            1,
            2,
            4
        ]
    }
},
{
    "model": "players.age",
    "pk": 4,
    "fields": {
        "name": "\u00c4ldste",
        "generation": 0,
        "backgrounds": 0,
        "action_options": [
            1,
            2,
            3
        ]
    }
},
{
    "model": "players.discipline",
    "pk": 1,
    "fields": {
        "name": "Auspex"
    }
},
{
    "model": "players.discipline",
    "pk": 2,
    "fields": {
        "name": "Animalism"
    }
},
{
    "model": "players.discipline",
    "pk": 3,
    "fields": {
        "name": "Celerity"
    }
},
{
    "model": "players.discipline",
    "pk": 4,
    "fields": {
        "name": "Demenation"
    }
},
{
    "model": "players.discipline",
    "pk": 5,
    "fields": {
        "name": "Dominate"
    }
},
{
    "model": "players.discipline",
    "pk": 6,
    "fields": {
        "name": "Fortitude"
    }
},
{
    "model": "players.discipline",
    "pk": 7,
    "fields": {
        "name": "Obfuscate"
    }
},
{
    "model": "players.discipline",
    "pk": 8,
    "fields": {
        "name": "Potence"
    }
},
{
    "model": "players.discipline",
    "pk": 9,
    "fields": {
        "name": "Presence"
    }
},
{
    "model": "players.discipline",
    "pk": 10,
    "fields": {
        "name": "Protean"
    }
},
{
    "model": "players.discipline",
    "pk": 11,
    "fields": {
        "name": "Thaumaturgy"
    }
},
{
    "model": "players.discipline",
    "pk": 12,
    "fields": {
        "name": "Serpentis"
    }
},
{
    "model": "players.clan",
    "pk": 1,
    "fields": {
        "name": "Brujah",
        "theme": "Freedom.",
        "flaw": "Rage.",
        "clan_disciplines": [
            3,
            8,
            9
        ]
    }
},
{
    "model": "players.clan",
    "pk": 2,
    "fields": {
        "name": "Gangrel",
        "theme": "",
        "flaw": "Have a harder time holding on to humanity.",
        "clan_disciplines": [
            2,
            6,
            10
        ]
    }
},
{
    "model": "players.clan",
    "pk": 3,
    "fields": {
        "name": "Nosferatu",
        "theme": "",
        "flaw": "Ugly.",
        "clan_disciplines": [
            2,
            7,
            8
        ]
    }
},
{
    "model": "players.clan",
    "pk": 4,
    "fields": {
        "name": "Malkavian",
        "theme": "",
        "flaw": "Derangement.",
        "clan_disciplines": [
            1,
            4,
            7
        ]
    }
},
{
    "model": "players.clan",
    "pk": 5,
    "fields": {
        "name": "Caitiff",
        "theme": "",
        "flaw": "Hatad.",
        "clan_disciplines": []
    }
},
{
    "model": "players.clan",
    "pk": 6,
    "fields": {
        "name": "Toreador",
        "theme": "Utveckling.",
        "flaw": "Fascination.",
        "clan_disciplines": [
            1,
            3,
            9
        ]
    }
},
{
    "model": "players.clan",
    "pk": 7,
    "fields": {
        "name": "Tremere",
        "theme": "Vad \u00e4r du bered att g\u00f6ra f\u00f6r klanen.",
        "flaw": "Blood bond to the inner circle.",
        "clan_disciplines": [
            1,
            5,
            11
        ]
    }
},
{
    "model": "players.clan",
    "pk": 8,
    "fields": {
        "name": "Ventrue",
        "theme": "",
        "flaw": "Feeding restriction.",
        "clan_disciplines": [
            5,
            6,
            9
        ]
    }
},
{
    "model": "players.clan",
    "pk": 9,
    "fields": {
        "name": "Setite",
        "theme": "Information should flow",
        "flaw": "Sensitive to bright light.",
        "clan_disciplines": [
            7,
            9,
            12
        ]
    }
},
{
    "model": "players.politicalfaction",
    "pk": 1,
    "fields": {
        "name": "Lilith Dyrkare",
        "description": ""
    }
},
{
    "model": "players.politicalfaction",
    "pk": 2,
    "fields": {
        "name": "Gehenna Kultist",
        "description": ""
    }
},
{
    "model": "players.politicalfaction",
    "pk": 3,
    "fields": {
        "name": "Human Apologist",
        "description": ""
    }
},
{
    "model": "players.politicalfaction",
    "pk": 4,
    "fields": {
        "name": "Kommunist",
        "description": "Pro soviet.\r\nVill bevara maskeraden."
    }
},
{
    "model": "players.politicalfaction",
    "pk": 5,
    "fields": {
        "name": "Kalvinist",
        "description": "Vill g\u00e5 i krig med Soviet.\r\nF\u00f6r oj\u00e4mnlikhet.\r\nVill bevara maskeraden."
    }
},
{
    "model": "players.politicalfaction",
    "pk": 6,
    "fields": {
        "name": "Pacifist",
        "description": "Vill avskaffa maskeraden.\r\nSer vampyrer som m\u00e4nsklighetens r\u00e5dgivare och f\u00e5rahedar."
    }
},
{
    "model": "players.nature",
    "pk": 1,
    "fields": {
        "name": "Autocrat"
    }
},
{
    "model": "players.nature",
    "pk": 2,
    "fields": {
        "name": "Bon Vivant"
    }
},
{
    "model": "players.nature",
    "pk": 3,
    "fields": {
        "name": "Competitor"
    }
},
{
    "model": "players.nature",
    "pk": 4,
    "fields": {
        "name": "Conniver"
    }
},
{
    "model": "players.nature",
    "pk": 5,
    "fields": {
        "name": "Follower"
    }
},
{
    "model": "players.nature",
    "pk": 6,
    "fields": {
        "name": "Judge"
    }
},
{
    "model": "players.nature",
    "pk": 7,
    "fields": {
        "name": "Guide"
    }
},
{
    "model": "players.nature",
    "pk": 8,
    "fields": {
        "name": "Monster"
    }
},
{
    "model": "players.nature",
    "pk": 9,
    "fields": {
        "name": "Narcissist"
    }
},
{
    "model": "players.nature",
    "pk": 10,
    "fields": {
        "name": "Penitent"
    }
},
{
    "model": "players.nature",
    "pk": 11,
    "fields": {
        "name": "Rogue"
    }
},
{
    "model": "players.nature",
    "pk": 12,
    "fields": {
        "name": "Traditionalist"
    }
},
{
    "model": "players.nature",
    "pk": 13,
    "fields": {
        "name": "Visionary"
    }
},
{
    "model": "players.attribute",
    "pk": 1,
    "fields": {
        "name": "Social"
    }
},
{
    "model": "players.attribute",
    "pk": 2,
    "fields": {
        "name": "Mental"
    }
},
{
    "model": "players.attribute",
    "pk": 3,
    "fields": {
        "name": "Physical"
    }
},
{
    "model": "players.advantage",
    "pk": 1,
    "fields": {
        "name": "Humanity",
        "costs": "0,2,2,2,2,2,2,2,2,2,2",
        "humanity": false
    }
},
{
    "model": "players.advantage",
    "pk": 2,
    "fields": {
        "name": "Willpower",
        "costs": "0,2,2,3,3,4,4,5,5,6,6",
        "humanity": false
    }
},
{
    "model": "players.pronoun",
    "pk": 1,
    "fields": {
        "subjective": "hen",
        "objective": "hen",
        "possessive": "hens"
    }
},
{
    "model": "players.pronoun",
    "pk": 2,
    "fields": {
        "subjective": "hon",
        "objective": "henne",
        "possessive": "hennes"
    }
},
{
    "model": "players.pronoun",
    "pk": 3,
    "fields": {
        "subjective": "han",
        "objective": "honom",
        "possessive": "hans"
    }
},
{
    "model": "players.weapon",
    "pk": 1,
    "fields": {
        "name": "Baseball bat",
        "mod": 5,
        "damage_type": "bash",
        "assets": 1,
        "ranged": false
    }
},
{
    "model": "players.weapon",
    "pk": 2,
    "fields": {
        "name": "Knife",
        "mod": 3,
        "damage_type": "lethal",
        "assets": 1,
        "ranged": false
    }
},
{
    "model": "players.weapon",
    "pk": 3,
    "fields": {
        "name": "Sword",
        "mod": 5,
        "damage_type": "lethal",
        "assets": 2,
        "ranged": false
    }
},
{
    "model": "players.weapon",
    "pk": 4,
    "fields": {
        "name": "Lt Pistol",
        "mod": 6,
        "damage_type": "bash",
        "assets": 1,
        "ranged": true
    }
},
{
    "model": "players.weapon",
    "pk": 5,
    "fields": {
        "name": "Hv Pistol",
        "mod": 7,
        "damage_type": "bash",
        "assets": 2,
        "ranged": true
    }
},
{
    "model": "players.weapon",
    "pk": 6,
    "fields": {
        "name": "SMG",
        "mod": 8,
        "damage_type": "bash",
        "assets": 2,
        "ranged": true
    }
},
{
    "model": "players.weapon",
    "pk": 7,
    "fields": {
        "name": "Assault Rifle",
        "mod": 10,
        "damage_type": "bash",
        "assets": 3,
        "ranged": true
    }
},
{
    "model": "players.weapon",
    "pk": 8,
    "fields": {
        "name": "Explosives",
        "mod": 0,
        "damage_type": "aggrevated",
        "assets": 2,
        "ranged": false
    }
},
{
    "model": "players.aspect",
    "pk": 1,
    "fields": {
        "name": "Amoral"
    }
},
{
    "model": "players.aspect",
    "pk": 2,
    "fields": {
        "name": "Cheap"
    }
},
{
    "model": "players.aspect",
    "pk": 3,
    "fields": {
        "name": "Discrete"
    }
},
{
    "model": "players.aspect",
    "pk": 4,
    "fields": {
        "name": "Efficient"
    }
},
{
    "model": "players.aspect",
    "pk": 5,
    "fields": {
        "name": "Loyal"
    }
},
{
    "model": "players.aspect",
    "pk": 6,
    "fields": {
        "name": "Ghoul"
    }
},
{
    "model": "players.hook",
    "pk": 14,
    "fields": {
        "name": "Nils Cronholm",
        "concept": "En nyhetsredakt\u00f6r (p\u00e5 tv) som \u00e4r villig att skicka lite intressanta och bisarra stories vidare mot betalning, samt st\u00e4nga ner dem ocks\u00e5.",
        "influence": 2,
        "master": null,
        "aspects": [
            3,
            5
        ]
    }
},
{
    "model": "players.hook",
    "pk": 15,
    "fields": {
        "name": "Tilde Christersson",
        "concept": "En \u00e4gare f\u00f6r en konspirationstidning, Konstiga Konspirationer, som rapporterar om allsk\u00f6ns konstigheter som p\u00e5g\u00e5r i Sverige och v\u00e4rlden. Det \u00e4r i hennes tidning som man kan l\u00e4sa om ryktena om en haj s",
        "influence": 4,
        "master": null,
        "aspects": [
            2,
            5
        ]
    }
},
{
    "model": "players.hook",
    "pk": 16,
    "fields": {
        "name": "Erik Blom",
        "concept": "En omoralisk vaktm\u00e4stare vid universitet, skvallrar g\u00e4rna om studenter och anst\u00e4llda. Samt s\u00e4ljer diverse droger till dem s\u00e5 att de kan peppa inf\u00f6r prov och liknande. Det g\u00e5r rykten om att han en g\u00e5ng",
        "influence": 6,
        "master": null,
        "aspects": [
            1,
            4
        ]
    }
},
{
    "model": "players.hook",
    "pk": 29,
    "fields": {
        "name": "Jenna Sykes",
        "concept": "s\u00e5ngerska i Dark Souls, det hetaste black metal-bandet i stan",
        "influence": 3,
        "master": null,
        "aspects": [
            3,
            5
        ]
    }
},
{
    "model": "players.hook",
    "pk": 32,
    "fields": {
        "name": "Mio Bj\u00f6rk",
        "concept": "partisekreterare f\u00f6r det ledande partiet i kommunen",
        "influence": 1,
        "master": null,
        "aspects": [
            3,
            5
        ]
    }
},
{
    "model": "players.hook",
    "pk": 33,
    "fields": {
        "name": "Kim Strand",
        "concept": "webbredakt\u00f6r f\u00f6r dagstidningen",
        "influence": 2,
        "master": null,
        "aspects": [
            3,
            5
        ]
    }
},
{
    "model": "players.hook",
    "pk": 34,
    "fields": {
        "name": "Sam Nordblom",
        "concept": "ammanuens p\u00e5 universitetsbiblioteket",
        "influence": 6,
        "master": null,
        "aspects": [
            3,
            5
        ]
    }
},
{
    "model": "players.hook",
    "pk": 94,
    "fields": {
        "name": "Xantro",
        "concept": "Janitor",
        "influence": 4,
        "master": null,
        "aspects": [
            3,
            5
        ]
    }
},
{
    "model": "players.hook",
    "pk": 99,
    "fields": {
        "name": "Ester Andersson",
        "concept": "Jobbar p\u00e5 TV station",
        "influence": 2,
        "master": null,
        "aspects": [
            4,
            5
        ]
    }
},
{
    "model": "players.hook",
    "pk": 107,
    "fields": {
        "name": "Leif Albrechtsson",
        "concept": "En h\u00f6gst mutbar och omoralisk lokalpolitiker, d\u00f6dade en g\u00e5ng en baltisk prostituerad som han tagit heroin med. En man utan skor i en gammal kostym hj\u00e4lpte honom r\u00f6ja undan det och soppa igen alla sp\u00e5r",
        "influence": 1,
        "master": null,
        "aspects": [
            1,
            5
        ]
    }
},
{
    "model": "players.hook",
    "pk": 108,
    "fields": {
        "name": "Aikku Jokinen",
        "concept": "doktor i datavetenskap; forskar om artificiell intelligens",
        "influence": 6,
        "master": null,
        "aspects": [
            4,
            5
        ]
    }
},
{
    "model": "players.hook",
    "pk": 122,
    "fields": {
        "name": "Ava Neros",
        "concept": "political party spokes person",
        "influence": 1,
        "master": null,
        "aspects": [
            4,
            5
        ]
    }
},
{
    "model": "players.hook",
    "pk": 123,
    "fields": {
        "name": "Carl Af Croona",
        "concept": "newspaper editor",
        "influence": 2,
        "master": null,
        "aspects": [
            3,
            4
        ]
    }
},
{
    "model": "players.hook",
    "pk": 132,
    "fields": {
        "name": "Pierre Johansson",
        "concept": "dirty cop",
        "influence": 1,
        "master": null,
        "aspects": [
            1,
            4
        ]
    }
},
{
    "model": "players.hook",
    "pk": 133,
    "fields": {
        "name": "Aron Pawson",
        "concept": "failing student",
        "influence": 6,
        "master": null,
        "aspects": [
            2,
            3
        ]
    }
},
{
    "model": "players.hook",
    "pk": 134,
    "fields": {
        "name": "Mathias Gertson",
        "concept": "Dekan Teolog Institutionen",
        "influence": 6,
        "master": null,
        "aspects": [
            3,
            5
        ]
    }
},
{
    "model": "players.hook",
    "pk": 136,
    "fields": {
        "name": "Lasse Lasseson",
        "concept": "Kommunalr\u00e5d, S",
        "influence": 1,
        "master": null,
        "aspects": [
            2,
            5
        ]
    }
},
{
    "model": "players.hook",
    "pk": 137,
    "fields": {
        "name": "Karl Lindstr\u00f6m",
        "concept": "Kommunpolitiker",
        "influence": 1,
        "master": null,
        "aspects": []
    }
},
{
    "model": "players.hook",
    "pk": 142,
    "fields": {
        "name": "Esteban Svensson",
        "concept": "N\u00e4rpolis bland ungdomarna",
        "influence": 8,
        "master": null,
        "aspects": [
            1,
            2
        ]
    }
},
{
    "model": "players.hook",
    "pk": 143,
    "fields": {
        "name": "Svante Sturesson",
        "concept": "Liten, sorglig typ som inte kan s\u00e4ga nej",
        "influence": 2,
        "master": null,
        "aspects": [
            3,
            4
        ]
    }
},
{
    "model": "players.domain",
    "pk": 4,
    "fields": {
        "name": "M\u00f6llan",
        "feeding_capacity": 75,
        "status": "1",
        "owner": null,
        "influence": "-",
        "masquerade": "Better",
        "population": [],
        "place": [],
        "allowed": []
    }
},
{
    "model": "players.character",
    "pk": 38,
    "fields": {
        "name": "Ein",
        "pronoun": 1,
        "user": [
            "MiAa"
        ],
        "defined": false,
        "nature": null,
        "sire": null,
        "clan": 8,
        "generation": 13,
        "age": 2,
        "status": 0,
        "willpower": 0,
        "blood": 10,
        "superficial": 0,
        "aggravated": 0,
        "assets": 0,
        "political_faction": null,
        "concept": "",
        "herd": 0,
        "herd_description": "",
        "haven": 0,
        "haven_description": "",
        "haven_domain": null,
        "firearms": 0,
        "melee": 0,
        "exp": 0,
        "humanity_exp": 0,
        "additional_notes": "",
        "titles": [],
        "specializations": [],
        "rituals": []
    }
},
{
    "model": "players.character",
    "pk": 39,
    "fields": {
        "name": "Killian",
        "pronoun": 1,
        "user": [
            "ElAn"
        ],
        "defined": false,
        "nature": null,
        "sire": null,
        "clan": 8,
        "generation": 13,
        "age": 2,
        "status": 0,
        "willpower": 0,
        "blood": 10,
        "superficial": 0,
        "aggravated": 0,
        "assets": 0,
        "political_faction": null,
        "concept": "",
        "herd": 0,
        "herd_description": "",
        "haven": 0,
        "haven_description": "",
        "haven_domain": null,
        "firearms": 0,
        "melee": 0,
        "exp": 0,
        "humanity_exp": 0,
        "additional_notes": "",
        "titles": [],
        "specializations": [],
        "rituals": []
    }
},
{
    "model": "players.character",
    "pk": 40,
    "fields": {
        "name": "Azrael",
        "pronoun": 1,
        "user": [
            "DeCe"
        ],
        "defined": false,
        "nature": null,
        "sire": null,
        "clan": 8,
        "generation": 13,
        "age": 2,
        "status": 0,
        "willpower": 0,
        "blood": 10,
        "superficial": 0,
        "aggravated": 0,
        "assets": 0,
        "political_faction": null,
        "concept": "",
        "herd": 0,
        "herd_description": "",
        "haven": 0,
        "haven_description": "",
        "haven_domain": null,
        "firearms": 0,
        "melee": 0,
        "exp": 0,
        "humanity_exp": 0,
        "additional_notes": "",
        "titles": [],
        "specializations": [],
        "rituals": []
    }
},
{
    "model": "players.character",
    "pk": 41,
    "fields": {
        "name": "Peter Maximov",
        "pronoun": 1,
        "user": [
            "ErWa"
        ],
        "defined": false,
        "nature": null,
        "sire": null,
        "clan": 6,
        "generation": 13,
        "age": 2,
        "status": 0,
        "willpower": 0,
        "blood": 10,
        "superficial": 0,
        "aggravated": 0,
        "assets": 0,
        "political_faction": null,
        "concept": "",
        "herd": 0,
        "herd_description": "",
        "haven": 0,
        "haven_description": "",
        "haven_domain": null,
        "firearms": 0,
        "melee": 0,
        "exp": 0,
        "humanity_exp": 0,
        "additional_notes": "",
        "titles": [],
        "specializations": [],
        "rituals": []
    }
},
{
    "model": "players.character",
    "pk": 42,
    "fields": {
        "name": "Doctor Francies",
        "pronoun": 1,
        "user": [
            "HeRo"
        ],
        "defined": false,
        "nature": null,
        "sire": null,
        "clan": 6,
        "generation": 13,
        "age": 2,
        "status": 0,
        "willpower": 0,
        "blood": 10,
        "superficial": 0,
        "aggravated": 0,
        "assets": 0,
        "political_faction": null,
        "concept": "",
        "herd": 0,
        "herd_description": "",
        "haven": 0,
        "haven_description": "",
        "haven_domain": null,
        "firearms": 0,
        "melee": 0,
        "exp": 0,
        "humanity_exp": 0,
        "additional_notes": "",
        "titles": [],
        "specializations": [],
        "rituals": []
    }
},
{
    "model": "players.character",
    "pk": 43,
    "fields": {
        "name": "Hans-Erik Eriksen",
        "pronoun": 1,
        "user": [
            "BeJe"
        ],
        "defined": false,
        "nature": null,
        "sire": null,
        "clan": 6,
        "generation": 13,
        "age": 3,
        "status": 0,
        "willpower": 0,
        "blood": 10,
        "superficial": 0,
        "aggravated": 0,
        "assets": 0,
        "political_faction": null,
        "concept": "",
        "herd": 0,
        "herd_description": "",
        "haven": 0,
        "haven_description": "",
        "haven_domain": null,
        "firearms": 0,
        "melee": 0,
        "exp": 0,
        "humanity_exp": 0,
        "additional_notes": "",
        "titles": [],
        "specializations": [],
        "rituals": []
    }
},
{
    "model": "players.character",
    "pk": 44,
    "fields": {
        "name": "Frans Fager",
        "pronoun": 1,
        "user": [
            "MiBe"
        ],
        "defined": false,
        "nature": null,
        "sire": null,
        "clan": 6,
        "generation": 13,
        "age": 2,
        "status": 0,
        "willpower": 0,
        "blood": 10,
        "superficial": 0,
        "aggravated": 0,
        "assets": 0,
        "political_faction": null,
        "concept": "",
        "herd": 0,
        "herd_description": "",
        "haven": 0,
        "haven_description": "",
        "haven_domain": null,
        "firearms": 0,
        "melee": 0,
        "exp": 0,
        "humanity_exp": 0,
        "additional_notes": "",
        "titles": [],
        "specializations": [],
        "rituals": []
    }
},
{
    "model": "players.character",
    "pk": 45,
    "fields": {
        "name": "Atton",
        "pronoun": 1,
        "user": [
            "HaRe"
        ],
        "defined": false,
        "nature": null,
        "sire": null,
        "clan": 9,
        "generation": 13,
        "age": 2,
        "status": 0,
        "willpower": 0,
        "blood": 10,
        "superficial": 0,
        "aggravated": 0,
        "assets": 0,
        "political_faction": null,
        "concept": "",
        "herd": 0,
        "herd_description": "",
        "haven": 0,
        "haven_description": "",
        "haven_domain": null,
        "firearms": 0,
        "melee": 0,
        "exp": 0,
        "humanity_exp": 0,
        "additional_notes": "",
        "titles": [],
        "specializations": [],
        "rituals": []
    }
},
{
    "model": "players.character",
    "pk": 46,
    "fields": {
        "name": "Viridian",
        "pronoun": 1,
        "user": [
            "OrSv"
        ],
        "defined": false,
        "nature": null,
        "sire": null,
        "clan": 9,
        "generation": 13,
        "age": 3,
        "status": 0,
        "willpower": 0,
        "blood": 10,
        "superficial": 0,
        "aggravated": 0,
        "assets": 0,
        "political_faction": null,
        "concept": "",
        "herd": 0,
        "herd_description": "",
        "haven": 0,
        "haven_description": "",
        "haven_domain": null,
        "firearms": 0,
        "melee": 0,
        "exp": 0,
        "humanity_exp": 0,
        "additional_notes": "",
        "titles": [],
        "specializations": [],
        "rituals": []
    }
},
{
    "model": "players.character",
    "pk": 47,
    "fields": {
        "name": "Jalo Norling",
        "pronoun": 1,
        "user": [
            "EmHa"
        ],
        "defined": false,
        "nature": null,
        "sire": null,
        "clan": 6,
        "generation": 13,
        "age": 4,
        "status": 0,
        "willpower": 0,
        "blood": 10,
        "superficial": 0,
        "aggravated": 0,
        "assets": 0,
        "political_faction": null,
        "concept": "",
        "herd": 0,
        "herd_description": "",
        "haven": 0,
        "haven_description": "",
        "haven_domain": null,
        "firearms": 0,
        "melee": 0,
        "exp": 0,
        "humanity_exp": 0,
        "additional_notes": "",
        "titles": [],
        "specializations": [],
        "rituals": []
    }
},
{
    "model": "players.character",
    "pk": 48,
    "fields": {
        "name": "Zebb",
        "pronoun": 1,
        "user": [
            "JoSw"
        ],
        "defined": false,
        "nature": null,
        "sire": null,
        "clan": 9,
        "generation": 13,
        "age": 2,
        "status": 0,
        "willpower": 0,
        "blood": 10,
        "superficial": 0,
        "aggravated": 0,
        "assets": 0,
        "political_faction": null,
        "concept": "",
        "herd": 0,
        "herd_description": "",
        "haven": 0,
        "haven_description": "",
        "haven_domain": null,
        "firearms": 0,
        "melee": 0,
        "exp": 0,
        "humanity_exp": 0,
        "additional_notes": "",
        "titles": [],
        "specializations": [],
        "rituals": []
    }
},
{
    "model": "players.character",
    "pk": 50,
    "fields": {
        "name": "Rutger V\u00e6rup",
        "pronoun": 1,
        "user": [
            "DaSt"
        ],
        "defined": false,
        "nature": null,
        "sire": null,
        "clan": 8,
        "generation": 13,
        "age": 3,
        "status": 0,
        "willpower": 0,
        "blood": 10,
        "superficial": 0,
        "aggravated": 0,
        "assets": 0,
        "political_faction": null,
        "concept": "",
        "herd": 0,
        "herd_description": "",
        "haven": 0,
        "haven_description": "",
        "haven_domain": null,
        "firearms": 0,
        "melee": 0,
        "exp": 0,
        "humanity_exp": 0,
        "additional_notes": "",
        "titles": [],
        "specializations": [],
        "rituals": []
    }
},
{
    "model": "players.character",
    "pk": 51,
    "fields": {
        "name": "Sigrun Olavsdotter",
        "pronoun": 1,
        "user": [
            "LiAn"
        ],
        "defined": false,
        "nature": null,
        "sire": null,
        "clan": 9,
        "generation": 13,
        "age": 4,
        "status": 0,
        "willpower": 0,
        "blood": 10,
        "superficial": 0,
        "aggravated": 0,
        "assets": 0,
        "political_faction": null,
        "concept": "",
        "herd": 0,
        "herd_description": "",
        "haven": 0,
        "haven_description": "",
        "haven_domain": null,
        "firearms": 0,
        "melee": 0,
        "exp": 0,
        "humanity_exp": 0,
        "additional_notes": "",
        "titles": [],
        "specializations": [],
        "rituals": []
    }
},
{
    "model": "players.character",
    "pk": 52,
    "fields": {
        "name": "Senya",
        "pronoun": 1,
        "user": [
            "ToMi"
        ],
        "defined": false,
        "nature": null,
        "sire": null,
        "clan": 1,
        "generation": 13,
        "age": 3,
        "status": 0,
        "willpower": 0,
        "blood": 10,
        "superficial": 0,
        "aggravated": 0,
        "assets": 0,
        "political_faction": null,
        "concept": "",
        "herd": 0,
        "herd_description": "",
        "haven": 0,
        "haven_description": "",
        "haven_domain": null,
        "firearms": 0,
        "melee": 0,
        "exp": 0,
        "humanity_exp": 0,
        "additional_notes": "",
        "titles": [],
        "specializations": [],
        "rituals": []
    }
},
{
    "model": "players.character",
    "pk": 53,
    "fields": {
        "name": "Daniel Vinterb\u00e6ck",
        "pronoun": 1,
        "user": [
            "FrLu"
        ],
        "defined": false,
        "nature": null,
        "sire": null,
        "clan": 1,
        "generation": 13,
        "age": 2,
        "status": 0,
        "willpower": 0,
        "blood": 10,
        "superficial": 0,
        "aggravated": 0,
        "assets": 0,
        "political_faction": null,
        "concept": "",
        "herd": 0,
        "herd_description": "",
        "haven": 0,
        "haven_description": "",
        "haven_domain": null,
        "firearms": 0,
        "melee": 0,
        "exp": 0,
        "humanity_exp": 0,
        "additional_notes": "",
        "titles": [],
        "specializations": [],
        "rituals": []
    }
},
{
    "model": "players.character",
    "pk": 54,
    "fields": {
        "name": "Alas",
        "pronoun": 1,
        "user": [
            "ArKa"
        ],
        "defined": false,
        "nature": null,
        "sire": null,
        "clan": 6,
        "generation": 13,
        "age": 2,
        "status": 0,
        "willpower": 0,
        "blood": 10,
        "superficial": 0,
        "aggravated": 0,
        "assets": 0,
        "political_faction": null,
        "concept": "",
        "herd": 0,
        "herd_description": "",
        "haven": 0,
        "haven_description": "",
        "haven_domain": null,
        "firearms": 0,
        "melee": 0,
        "exp": 0,
        "humanity_exp": 0,
        "additional_notes": "",
        "titles": [],
        "specializations": [],
        "rituals": []
    }
},
{
    "model": "players.character",
    "pk": 55,
    "fields": {
        "name": "Katla",
        "pronoun": 1,
        "user": [
            "AnNi"
        ],
        "defined": false,
        "nature": null,
        "sire": null,
        "clan": 8,
        "generation": 13,
        "age": 4,
        "status": 0,
        "willpower": 0,
        "blood": 10,
        "superficial": 0,
        "aggravated": 0,
        "assets": 0,
        "political_faction": null,
        "concept": "",
        "herd": 0,
        "herd_description": "",
        "haven": 0,
        "haven_description": "",
        "haven_domain": null,
        "firearms": 0,
        "melee": 0,
        "exp": 0,
        "humanity_exp": 0,
        "additional_notes": "",
        "titles": [],
        "specializations": [],
        "rituals": []
    }
},
{
    "model": "players.character",
    "pk": 56,
    "fields": {
        "name": "Ulv Grimenst\u00e5l",
        "pronoun": 1,
        "user": [
            "NaJo"
        ],
        "defined": false,
        "nature": null,
        "sire": null,
        "clan": 1,
        "generation": 13,
        "age": 4,
        "status": 0,
        "willpower": 0,
        "blood": 10,
        "superficial": 0,
        "aggravated": 0,
        "assets": 0,
        "political_faction": null,
        "concept": "",
        "herd": 0,
        "herd_description": "",
        "haven": 0,
        "haven_description": "",
        "haven_domain": null,
        "firearms": 0,
        "melee": 0,
        "exp": 0,
        "humanity_exp": 0,
        "additional_notes": "",
        "titles": [],
        "specializations": [],
        "rituals": []
    }
},
{
    "model": "players.character",
    "pk": 57,
    "fields": {
        "name": "Ingrid Seshat Silfver",
        "pronoun": 1,
        "user": [
            "ErWe"
        ],
        "defined": false,
        "nature": null,
        "sire": null,
        "clan": 9,
        "generation": 13,
        "age": 3,
        "status": 0,
        "willpower": 0,
        "blood": 10,
        "superficial": 0,
        "aggravated": 0,
        "assets": 0,
        "political_faction": null,
        "concept": "",
        "herd": 0,
        "herd_description": "",
        "haven": 0,
        "haven_description": "",
        "haven_domain": null,
        "firearms": 0,
        "melee": 0,
        "exp": 0,
        "humanity_exp": 0,
        "additional_notes": "",
        "titles": [],
        "specializations": [],
        "rituals": []
    }
},
{
    "model": "players.character",
    "pk": 58,
    "fields": {
        "name": "Xzviam",
        "pronoun": 1,
        "user": [
            "WaHa"
        ],
        "defined": false,
        "nature": null,
        "sire": null,
        "clan": 1,
        "generation": 13,
        "age": 2,
        "status": 0,
        "willpower": 0,
        "blood": 10,
        "superficial": 0,
        "aggravated": 0,
        "assets": 0,
        "political_faction": null,
        "concept": "",
        "herd": 0,
        "herd_description": "",
        "haven": 0,
        "haven_description": "",
        "haven_domain": null,
        "firearms": 0,
        "melee": 0,
        "exp": 0,
        "humanity_exp": 0,
        "additional_notes": "",
        "titles": [],
        "specializations": [],
        "rituals": []
    }
},
{
    "model": "players.character",
    "pk": 59,
    "fields": {
        "name": "Lucas",
        "pronoun": 1,
        "user": [
            "AnAs"
        ],
        "defined": false,
        "nature": null,
        "sire": null,
        "clan": 8,
        "generation": 13,
        "age": 2,
        "status": 0,
        "willpower": 0,
        "blood": 10,
        "superficial": 0,
        "aggravated": 0,
        "assets": 0,
        "political_faction": null,
        "concept": "",
        "herd": 0,
        "herd_description": "",
        "haven": 0,
        "haven_description": "",
        "haven_domain": null,
        "firearms": 0,
        "melee": 0,
        "exp": 0,
        "humanity_exp": 0,
        "additional_notes": "",
        "titles": [],
        "specializations": [],
        "rituals": []
    }
},
{
    "model": "players.character",
    "pk": 60,
    "fields": {
        "name": "Karl Runstet",
        "pronoun": 1,
        "user": [
            "AnMu"
        ],
        "defined": false,
        "nature": null,
        "sire": null,
        "clan": 8,
        "generation": 13,
        "age": 3,
        "status": 0,
        "willpower": 0,
        "blood": 10,
        "superficial": 0,
        "aggravated": 0,
        "assets": 0,
        "political_faction": null,
        "concept": "",
        "herd": 0,
        "herd_description": "",
        "haven": 0,
        "haven_description": "",
        "haven_domain": null,
        "firearms": 0,
        "melee": 0,
        "exp": 0,
        "humanity_exp": 0,
        "additional_notes": "",
        "titles": [],
        "specializations": [],
        "rituals": []
    }
},
{
    "model": "players.character",
    "pk": 61,
    "fields": {
        "name": "Julius",
        "pronoun": 1,
        "user": [
            "AxJu"
        ],
        "defined": false,
        "nature": null,
        "sire": null,
        "clan": 8,
        "generation": 13,
        "age": 2,
        "status": 0,
        "willpower": 0,
        "blood": 10,
        "superficial": 0,
        "aggravated": 0,
        "assets": 0,
        "political_faction": null,
        "concept": "",
        "herd": 0,
        "herd_description": "",
        "haven": 0,
        "haven_description": "",
        "haven_domain": null,
        "firearms": 0,
        "melee": 0,
        "exp": 0,
        "humanity_exp": 0,
        "additional_notes": "",
        "titles": [],
        "specializations": [],
        "rituals": []
    }
},
{
    "model": "players.character",
    "pk": 62,
    "fields": {
        "name": "Mickey Knox",
        "pronoun": 1,
        "user": [
            "DeNi"
        ],
        "defined": false,
        "nature": null,
        "sire": null,
        "clan": 9,
        "generation": 13,
        "age": 2,
        "status": 0,
        "willpower": 0,
        "blood": 10,
        "superficial": 0,
        "aggravated": 0,
        "assets": 0,
        "political_faction": null,
        "concept": "",
        "herd": 0,
        "herd_description": "",
        "haven": 0,
        "haven_description": "",
        "haven_domain": null,
        "firearms": 0,
        "melee": 0,
        "exp": 0,
        "humanity_exp": 0,
        "additional_notes": "",
        "titles": [],
        "specializations": [],
        "rituals": []
    }
},
{
    "model": "players.character",
    "pk": 63,
    "fields": {
        "name": "Peter Dj\u00e4rv",
        "pronoun": 1,
        "user": [
            "ThHa"
        ],
        "defined": false,
        "nature": null,
        "sire": null,
        "clan": 1,
        "generation": 13,
        "age": 2,
        "status": 0,
        "willpower": 0,
        "blood": 10,
        "superficial": 0,
        "aggravated": 0,
        "assets": 0,
        "political_faction": null,
        "concept": "",
        "herd": 0,
        "herd_description": "",
        "haven": 0,
        "haven_description": "",
        "haven_domain": null,
        "firearms": 0,
        "melee": 0,
        "exp": 0,
        "humanity_exp": 0,
        "additional_notes": "",
        "titles": [],
        "specializations": [],
        "rituals": []
    }
},
{
    "model": "players.character",
    "pk": 64,
    "fields": {
        "name": "Kevin Phill",
        "pronoun": 1,
        "user": [
            "FrWi"
        ],
        "defined": false,
        "nature": null,
        "sire": null,
        "clan": 9,
        "generation": 13,
        "age": 2,
        "status": 0,
        "willpower": 0,
        "blood": 10,
        "superficial": 0,
        "aggravated": 0,
        "assets": 0,
        "political_faction": null,
        "concept": "",
        "herd": 0,
        "herd_description": "",
        "haven": 0,
        "haven_description": "",
        "haven_domain": null,
        "firearms": 0,
        "melee": 0,
        "exp": 0,
        "humanity_exp": 0,
        "additional_notes": "",
        "titles": [],
        "specializations": [],
        "rituals": []
    }
},
{
    "model": "players.character",
    "pk": 65,
    "fields": {
        "name": "Edith Krall",
        "pronoun": 1,
        "user": [
            "KrSo"
        ],
        "defined": false,
        "nature": null,
        "sire": null,
        "clan": 1,
        "generation": 13,
        "age": 2,
        "status": 0,
        "willpower": 0,
        "blood": 10,
        "superficial": 0,
        "aggravated": 0,
        "assets": 0,
        "political_faction": null,
        "concept": "",
        "herd": 0,
        "herd_description": "",
        "haven": 0,
        "haven_description": "",
        "haven_domain": null,
        "firearms": 0,
        "melee": 0,
        "exp": 0,
        "humanity_exp": 0,
        "additional_notes": "",
        "titles": [],
        "specializations": [],
        "rituals": []
    }
},
{
    "model": "players.character",
    "pk": 66,
    "fields": {
        "name": "Monster",
        "pronoun": 1,
        "user": [
            "lola"
        ],
        "defined": false,
        "nature": null,
        "sire": null,
        "clan": 5,
        "generation": 13,
        "age": 1,
        "status": 0,
        "willpower": 0,
        "blood": 10,
        "superficial": 0,
        "aggravated": 0,
        "assets": 0,
        "political_faction": null,
        "concept": "",
        "herd": 0,
        "herd_description": "",
        "haven": 0,
        "haven_description": "fancy as fuck",
        "haven_domain": 4,
        "firearms": 0,
        "melee": 0,
        "exp": 0,
        "humanity_exp": 0,
        "additional_notes": "",
        "titles": [],
        "specializations": [],
        "rituals": []
    }
},
{
    "model": "players.influencewant",
    "pk": 7,
    "fields": {
        "character": 61,
        "influence": 6,
        "wanted": 1,
        "dislodged": 1,
        "final": true,
        "elder": false
    }
},
{
    "model": "players.influencewant",
    "pk": 8,
    "fields": {
        "character": 61,
        "influence": 1,
        "wanted": 2,
        "dislodged": 1,
        "final": true,
        "elder": false
    }
},
{
    "model": "players.influencewant",
    "pk": 9,
    "fields": {
        "character": 60,
        "influence": 4,
        "wanted": 2,
        "dislodged": 1,
        "final": true,
        "elder": false
    }
},
{
    "model": "players.influencewant",
    "pk": 10,
    "fields": {
        "character": 60,
        "influence": 3,
        "wanted": 1,
        "dislodged": 0,
        "final": true,
        "elder": false
    }
},
{
    "model": "players.influencewant",
    "pk": 11,
    "fields": {
        "character": 60,
        "influence": 6,
        "wanted": 1,
        "dislodged": 2,
        "final": true,
        "elder": false
    }
},
{
    "model": "players.influencewant",
    "pk": 12,
    "fields": {
        "character": 59,
        "influence": 1,
        "wanted": 1,
        "dislodged": 2,
        "final": true,
        "elder": false
    }
},
{
    "model": "players.influencewant",
    "pk": 13,
    "fields": {
        "character": 58,
        "influence": 1,
        "wanted": 1,
        "dislodged": 1,
        "final": true,
        "elder": false
    }
},
{
    "model": "players.influencewant",
    "pk": 14,
    "fields": {
        "character": 58,
        "influence": 6,
        "wanted": 1,
        "dislodged": 0,
        "final": true,
        "elder": false
    }
},
{
    "model": "players.influencewant",
    "pk": 15,
    "fields": {
        "character": 57,
        "influence": 4,
        "wanted": 2,
        "dislodged": 1,
        "final": true,
        "elder": false
    }
},
{
    "model": "players.influencewant",
    "pk": 16,
    "fields": {
        "character": 57,
        "influence": 2,
        "wanted": 1,
        "dislodged": 1,
        "final": true,
        "elder": false
    }
},
{
    "model": "players.influencewant",
    "pk": 17,
    "fields": {
        "character": 57,
        "influence": 8,
        "wanted": 1,
        "dislodged": 1,
        "final": true,
        "elder": false
    }
},
{
    "model": "players.influencewant",
    "pk": 18,
    "fields": {
        "character": 56,
        "influence": 6,
        "wanted": 3,
        "dislodged": 0,
        "final": true,
        "elder": true
    }
},
{
    "model": "players.influencewant",
    "pk": 19,
    "fields": {
        "character": 56,
        "influence": 4,
        "wanted": 1,
        "dislodged": 2,
        "final": true,
        "elder": false
    }
},
{
    "model": "players.influencewant",
    "pk": 20,
    "fields": {
        "character": 55,
        "influence": 3,
        "wanted": 3,
        "dislodged": 0,
        "final": true,
        "elder": true
    }
},
{
    "model": "players.influencewant",
    "pk": 21,
    "fields": {
        "character": 55,
        "influence": 8,
        "wanted": 2,
        "dislodged": 0,
        "final": true,
        "elder": false
    }
},
{
    "model": "players.influencewant",
    "pk": 23,
    "fields": {
        "character": 55,
        "influence": 6,
        "wanted": 2,
        "dislodged": 0,
        "final": true,
        "elder": false
    }
},
{
    "model": "players.influencewant",
    "pk": 24,
    "fields": {
        "character": 55,
        "influence": 2,
        "wanted": 2,
        "dislodged": 0,
        "final": true,
        "elder": false
    }
},
{
    "model": "players.influencewant",
    "pk": 25,
    "fields": {
        "character": 54,
        "influence": 3,
        "wanted": 2,
        "dislodged": 0,
        "final": true,
        "elder": false
    }
},
{
    "model": "players.influencewant",
    "pk": 26,
    "fields": {
        "character": 54,
        "influence": 8,
        "wanted": 1,
        "dislodged": 1,
        "final": true,
        "elder": false
    }
},
{
    "model": "players.influencewant",
    "pk": 27,
    "fields": {
        "character": 54,
        "influence": 2,
        "wanted": 1,
        "dislodged": 0,
        "final": true,
        "elder": false
    }
},
{
    "model": "players.influencewant",
    "pk": 28,
    "fields": {
        "character": 53,
        "influence": 6,
        "wanted": 1,
        "dislodged": 0,
        "final": true,
        "elder": false
    }
},
{
    "model": "players.influencewant",
    "pk": 29,
    "fields": {
        "character": 53,
        "influence": 2,
        "wanted": 1,
        "dislodged": 0,
        "final": true,
        "elder": false
    }
},
{
    "model": "players.influencewant",
    "pk": 30,
    "fields": {
        "character": 53,
        "influence": 1,
        "wanted": 1,
        "dislodged": 0,
        "final": true,
        "elder": false
    }
},
{
    "model": "players.influencewant",
    "pk": 31,
    "fields": {
        "character": 52,
        "influence": 6,
        "wanted": 1,
        "dislodged": 2,
        "final": true,
        "elder": false
    }
},
{
    "model": "players.influencewant",
    "pk": 32,
    "fields": {
        "character": 52,
        "influence": 4,
        "wanted": 1,
        "dislodged": 0,
        "final": true,
        "elder": false
    }
},
{
    "model": "players.influencewant",
    "pk": 33,
    "fields": {
        "character": 52,
        "influence": 8,
        "wanted": 2,
        "dislodged": 1,
        "final": true,
        "elder": false
    }
},
{
    "model": "players.influencewant",
    "pk": 34,
    "fields": {
        "character": 51,
        "influence": 2,
        "wanted": 1,
        "dislodged": 1,
        "final": true,
        "elder": false
    }
},
{
    "model": "players.influencewant",
    "pk": 35,
    "fields": {
        "character": 51,
        "influence": 4,
        "wanted": 3,
        "dislodged": 0,
        "final": true,
        "elder": false
    }
},
{
    "model": "players.influencewant",
    "pk": 36,
    "fields": {
        "character": 51,
        "influence": 6,
        "wanted": 1,
        "dislodged": 2,
        "final": true,
        "elder": false
    }
},
{
    "model": "players.influencewant",
    "pk": 37,
    "fields": {
        "character": 51,
        "influence": 8,
        "wanted": 1,
        "dislodged": 1,
        "final": true,
        "elder": false
    }
},
{
    "model": "players.influencewant",
    "pk": 38,
    "fields": {
        "character": 50,
        "influence": 6,
        "wanted": 1,
        "dislodged": 2,
        "final": true,
        "elder": false
    }
},
{
    "model": "players.influencewant",
    "pk": 39,
    "fields": {
        "character": 50,
        "influence": 4,
        "wanted": 1,
        "dislodged": 0,
        "final": true,
        "elder": false
    }
},
{
    "model": "players.influencewant",
    "pk": 40,
    "fields": {
        "character": 48,
        "influence": 4,
        "wanted": 1,
        "dislodged": 2,
        "final": true,
        "elder": false
    }
},
{
    "model": "players.influencewant",
    "pk": 41,
    "fields": {
        "character": 48,
        "influence": 1,
        "wanted": 2,
        "dislodged": 1,
        "final": true,
        "elder": false
    }
},
{
    "model": "players.influencewant",
    "pk": 42,
    "fields": {
        "character": 47,
        "influence": 8,
        "wanted": 3,
        "dislodged": 0,
        "final": true,
        "elder": false
    }
},
{
    "model": "players.influencewant",
    "pk": 43,
    "fields": {
        "character": 47,
        "influence": 6,
        "wanted": 1,
        "dislodged": 1,
        "final": true,
        "elder": false
    }
},
{
    "model": "players.influencewant",
    "pk": 44,
    "fields": {
        "character": 47,
        "influence": 3,
        "wanted": 1,
        "dislodged": 1,
        "final": true,
        "elder": false
    }
},
{
    "model": "players.influencewant",
    "pk": 45,
    "fields": {
        "character": 47,
        "influence": 4,
        "wanted": 1,
        "dislodged": 0,
        "final": true,
        "elder": false
    }
},
{
    "model": "players.influencewant",
    "pk": 46,
    "fields": {
        "character": 46,
        "influence": 6,
        "wanted": 1,
        "dislodged": 1,
        "final": true,
        "elder": false
    }
},
{
    "model": "players.influencewant",
    "pk": 47,
    "fields": {
        "character": 46,
        "influence": 4,
        "wanted": 1,
        "dislodged": 0,
        "final": true,
        "elder": false
    }
},
{
    "model": "players.influencewant",
    "pk": 48,
    "fields": {
        "character": 46,
        "influence": 2,
        "wanted": 2,
        "dislodged": 0,
        "final": true,
        "elder": false
    }
},
{
    "model": "players.influencewant",
    "pk": 49,
    "fields": {
        "character": 45,
        "influence": 1,
        "wanted": 3,
        "dislodged": 0,
        "final": true,
        "elder": false
    }
},
{
    "model": "players.influencewant",
    "pk": 50,
    "fields": {
        "character": 45,
        "influence": 8,
        "wanted": 1,
        "dislodged": 1,
        "final": true,
        "elder": false
    }
},
{
    "model": "players.influencewant",
    "pk": 51,
    "fields": {
        "character": 45,
        "influence": 2,
        "wanted": 1,
        "dislodged": 1,
        "final": true,
        "elder": false
    }
},
{
    "model": "players.influencewant",
    "pk": 52,
    "fields": {
        "character": 45,
        "influence": 6,
        "wanted": 1,
        "dislodged": 0,
        "final": true,
        "elder": false
    }
},
{
    "model": "players.influencewant",
    "pk": 53,
    "fields": {
        "character": 44,
        "influence": 1,
        "wanted": 1,
        "dislodged": 1,
        "final": true,
        "elder": false
    }
},
{
    "model": "players.influencewant",
    "pk": 54,
    "fields": {
        "character": 44,
        "influence": 4,
        "wanted": 1,
        "dislodged": 1,
        "final": true,
        "elder": false
    }
},
{
    "model": "players.influencewant",
    "pk": 55,
    "fields": {
        "character": 43,
        "influence": 4,
        "wanted": 1,
        "dislodged": 2,
        "final": true,
        "elder": false
    }
},
{
    "model": "players.influencewant",
    "pk": 56,
    "fields": {
        "character": 43,
        "influence": 6,
        "wanted": 2,
        "dislodged": 0,
        "final": true,
        "elder": false
    }
},
{
    "model": "players.influencewant",
    "pk": 57,
    "fields": {
        "character": 43,
        "influence": 3,
        "wanted": 1,
        "dislodged": 1,
        "final": true,
        "elder": false
    }
},
{
    "model": "players.influencewant",
    "pk": 58,
    "fields": {
        "character": 43,
        "influence": 8,
        "wanted": 1,
        "dislodged": 0,
        "final": true,
        "elder": false
    }
},
{
    "model": "players.influencewant",
    "pk": 59,
    "fields": {
        "character": 42,
        "influence": 2,
        "wanted": 3,
        "dislodged": 0,
        "final": true,
        "elder": true
    }
},
{
    "model": "players.influencewant",
    "pk": 60,
    "fields": {
        "character": 42,
        "influence": 6,
        "wanted": 1,
        "dislodged": 1,
        "final": true,
        "elder": false
    }
},
{
    "model": "players.influencewant",
    "pk": 61,
    "fields": {
        "character": 41,
        "influence": 3,
        "wanted": 2,
        "dislodged": 0,
        "final": true,
        "elder": false
    }
},
{
    "model": "players.influencewant",
    "pk": 62,
    "fields": {
        "character": 41,
        "influence": 6,
        "wanted": 1,
        "dislodged": 1,
        "final": true,
        "elder": false
    }
},
{
    "model": "players.influencewant",
    "pk": 63,
    "fields": {
        "character": 41,
        "influence": 2,
        "wanted": 1,
        "dislodged": 0,
        "final": true,
        "elder": false
    }
},
{
    "model": "players.influencewant",
    "pk": 64,
    "fields": {
        "character": 40,
        "influence": 6,
        "wanted": 1,
        "dislodged": 1,
        "final": true,
        "elder": false
    }
},
{
    "model": "players.influencewant",
    "pk": 65,
    "fields": {
        "character": 39,
        "influence": 8,
        "wanted": 1,
        "dislodged": 1,
        "final": true,
        "elder": false
    }
},
{
    "model": "players.influencewant",
    "pk": 66,
    "fields": {
        "character": 39,
        "influence": 1,
        "wanted": 1,
        "dislodged": 0,
        "final": true,
        "elder": false
    }
},
{
    "model": "players.influencewant",
    "pk": 67,
    "fields": {
        "character": 38,
        "influence": 1,
        "wanted": 1,
        "dislodged": 2,
        "final": true,
        "elder": false
    }
},
{
    "model": "players.influencewant",
    "pk": 68,
    "fields": {
        "character": 38,
        "influence": 4,
        "wanted": 1,
        "dislodged": 1,
        "final": true,
        "elder": false
    }
},
{
    "model": "players.influencewant",
    "pk": 69,
    "fields": {
        "character": 65,
        "influence": 8,
        "wanted": 1,
        "dislodged": 1,
        "final": true,
        "elder": false
    }
},
{
    "model": "players.influencewant",
    "pk": 70,
    "fields": {
        "character": 65,
        "influence": 2,
        "wanted": 1,
        "dislodged": 1,
        "final": true,
        "elder": false
    }
},
{
    "model": "players.influencewant",
    "pk": 71,
    "fields": {
        "character": 64,
        "influence": 1,
        "wanted": 1,
        "dislodged": 1,
        "final": true,
        "elder": false
    }
},
{
    "model": "players.influencewant",
    "pk": 72,
    "fields": {
        "character": 64,
        "influence": 4,
        "wanted": 1,
        "dislodged": 1,
        "final": true,
        "elder": false
    }
},
{
    "model": "players.influencewant",
    "pk": 73,
    "fields": {
        "character": 63,
        "influence": 1,
        "wanted": 1,
        "dislodged": 2,
        "final": true,
        "elder": false
    }
},
{
    "model": "players.influencewant",
    "pk": 74,
    "fields": {
        "character": 62,
        "influence": 8,
        "wanted": 1,
        "dislodged": 1,
        "final": true,
        "elder": false
    }
},
{
    "model": "players.influencewant",
    "pk": 75,
    "fields": {
        "character": 62,
        "influence": 2,
        "wanted": 1,
        "dislodged": 0,
        "final": true,
        "elder": false
    }
},
{
    "model": "players.ghoul",
    "pk": 1,
    "fields": {
        "name": "Eva Lord",
        "level": 3,
        "hook": null,
        "master": null,
        "specializations": [
            7,
            3
        ]
    }
},
{
    "model": "players.ghoul",
    "pk": 2,
    "fields": {
        "name": "Konstapel Karl",
        "level": 3,
        "hook": null,
        "master": null,
        "specializations": [
            4,
            6
        ]
    }
},
{
    "model": "players.ghoul",
    "pk": 7,
    "fields": {
        "name": "Niclas Pauli",
        "level": 3,
        "hook": null,
        "master": null,
        "specializations": [
            10,
            6,
            3
        ]
    }
},
{
    "model": "players.ghoul",
    "pk": 8,
    "fields": {
        "name": "Sydney Pope",
        "level": 2,
        "hook": null,
        "master": null,
        "specializations": [
            8,
            3
        ]
    }
},
{
    "model": "players.ghoul",
    "pk": 10,
    "fields": {
        "name": "Iris Horner",
        "level": 1,
        "hook": null,
        "master": null,
        "specializations": [
            10
        ]
    }
},
{
    "model": "players.ghoul",
    "pk": 11,
    "fields": {
        "name": "Daniel Engstr\u00f6m",
        "level": 1,
        "hook": null,
        "master": null,
        "specializations": [
            10
        ]
    }
},
{
    "model": "players.ghoul",
    "pk": 13,
    "fields": {
        "name": "Varhajen Cecilia",
        "level": 3,
        "hook": null,
        "master": null,
        "specializations": [
            2,
            4,
            7
        ]
    }
},
{
    "model": "players.ghouldisciplinerating",
    "pk": 2,
    "fields": {
        "ghoul": 13,
        "discipline": 6,
        "value": 3
    }
},
{
    "model": "players.session",
    "pk": 5,
    "fields": {
        "season": 2,
        "name": "session 1",
        "previous": null,
        "is_open": true,
        "is_special": true,
        "action_set": 15,
        "feeding_domains": [
            4
        ]
    }
}
]
