[
{
  "model": "players.domain",
  "pk": 1,
  "fields": {
    "name": "St. Judas Church",
    "feeding_capacity": 15,
    "status": "2",
    "influence": "3",
    "masquerade": "Worse",
    "population": [
      2,
      5,
      8
    ]
  }
},
{
  "model": "players.domain",
  "pk": 2,
  "fields": {
    "name": "Waterfront (Hamnkvarteren)",
    "feeding_capacity": 15,
    "status": "2",
    "influence": "3",
    "masquerade": "Normal",
    "population": [
      1,
      7,
      9
    ]
  }
},
{
  "model": "players.domain",
  "pk": 3,
  "fields": {
    "name": "Oakhills",
    "feeding_capacity": 20,
    "status": "3",
    "influence": "1",
    "masquerade": "Better",
    "population": [
      5,
      6,
      8
    ]
  }
},
{
  "model": "players.domain",
  "pk": 4,
  "fields": {
    "name": "Kulturhuset",
    "feeding_capacity": 20,
    "status": "3",
    "influence": "2",
    "masquerade": "Normal",
    "population": [
      2,
      7,
      9
    ]
  }
},
{
  "model": "players.domain",
  "pk": 5,
  "fields": {
    "name": "Universitetet",
    "feeding_capacity": 15,
    "status": "2",
    "influence": "2",
    "masquerade": "Normal",
    "population": [
      4,
      5,
      6
    ]
  }
},
{
  "model": "players.domain",
  "pk": 6,
  "fields": {
    "name": "Stadscentrum",
    "feeding_capacity": 10,
    "status": "3",
    "influence": "5",
    "masquerade": "Intakt",
    "population": [
      1,
      3,
      7
    ]
  }
},
{
  "model": "players.domain",
  "pk": 7,
  "fields": {
    "name": "Stora Biblioteket",
    "feeding_capacity": 5,
    "status": "5",
    "influence": "2",
    "masquerade": "Better",
    "population": [
      2,
      5,
      7
    ]
  }
},
{
  "model": "players.domain",
  "pk": 8,
  "fields": {
    "name": "Bayside",
    "feeding_capacity": 15,
    "status": "4",
    "influence": "1",
    "masquerade": "Normal",
    "population": [
      5,
      6,
      7
    ]
  }
},
{
  "model": "players.domain",
  "pk": 9,
  "fields": {
    "name": "Katedralen",
    "feeding_capacity": 20,
    "status": "2",
    "influence": "4",
    "masquerade": "Worse",
    "population": [
      2,
      3,
      6
    ]
  }
},
{
  "model": "players.domain",
  "pk": 10,
  "fields": {
    "name": "Naturreservatet",
    "feeding_capacity": 15,
    "status": "1",
    "influence": "1",
    "masquerade": "Better",
    "population": [
      5,
      9,
      10
    ]
  }
},
{
  "model": "players.domain",
  "pk": 11,
  "fields": {
    "name": "The Cauldron",
    "feeding_capacity": 5,
    "status": "1",
    "influence": "1",
    "masquerade": "Normal",
    "population": [
      1,
      2,
      11
    ]
  }
},
{
  "model": "players.domain",
  "pk": 12,
  "fields": {
    "name": "The Community College (Barrens 2)",
    "feeding_capacity": 0,
    "status": "1",
    "influence": "1",
    "masquerade": "Normal",
    "population": [
      3,
      4
    ]
  }
},
{
  "model": "players.influence",
  "pk": 1,
  "fields": {
    "name": "Politik"
  }
},
{
  "model": "players.influence",
  "pk": 2,
  "fields": {
    "name": "Lag och ordning"
  }
},
{
  "model": "players.influence",
  "pk": 3,
  "fields": {
    "name": "Sjukv\u00e5rd"
  }
},
{
  "model": "players.influence",
  "pk": 4,
  "fields": {
    "name": "Media"
  }
},
{
  "model": "players.influence",
  "pk": 5,
  "fields": {
    "name": "Undre v\u00e4rlden"
  }
},
{
  "model": "players.influence",
  "pk": 6,
  "fields": {
    "name": "Religion & Ockult"
  }
},
{
  "model": "players.influence",
  "pk": 7,
  "fields": {
    "name": "Turism"
  }
},
{
  "model": "players.influence",
  "pk": 8,
  "fields": {
    "name": "Import/Export"
  }
},
{
  "model": "players.influence",
  "pk": 9,
  "fields": {
    "name": "Internet"
  }
},
{
  "model": "players.population",
  "pk": 1,
  "fields": {
    "name": "Kriminella"
  }
},
{
  "model": "players.population",
  "pk": 2,
  "fields": {
    "name": "Religi\u00f6sa"
  }
},
{
  "model": "players.population",
  "pk": 3,
  "fields": {
    "name": "Konservativa"
  }
},
{
  "model": "players.population",
  "pk": 4,
  "fields": {
    "name": "V\u00e4nstervridna"
  }
},
{
  "model": "players.population",
  "pk": 5,
  "fields": {
    "name": "Akademiker"
  }
},
{
  "model": "players.population",
  "pk": 6,
  "fields": {
    "name": "Kulturella"
  }
},
{
  "model": "players.population",
  "pk": 7,
  "fields": {
    "name": "\u00d6verklass"
  }
},
{
  "model": "players.population",
  "pk": 8,
  "fields": {
    "name": "Underklass"
  }
},
{
  "model": "players.population",
  "pk": 9,
  "fields": {
    "name": "Turister"
  }
},
{
  "model": "players.population",
  "pk": 10,
  "fields": {
    "name": "Milj\u00f6aktivister"
  }
},
{
  "model": "players.population",
  "pk": 11,
  "fields": {
    "name": "Studenter"
  }
},
{
  "model": "players.session",
  "pk": 1,
  "fields": {
    "name": "Inf\u00f6r session 1",
    "is_open": false,
    "feeding_domains": [
      1,
      3,
      4,
      5,
      7,
      10,
      9,
      12,
      11,
      8,
      2,
      6
    ]
  }
},
{
  "model": "players.session",
  "pk": 2,
  "fields": {
    "name": "Inf\u00f6r session 2",
    "is_open": false,
    "feeding_domains": [
      1,
      3,
      4,
      5,
      7,
      10,
      9,
      12,
      11,
      8,
      2,
      6
    ]
  }
},
{
  "model": "players.session",
  "pk": 3,
  "fields": {
    "name": "Inf\u00f6r session 3",
    "is_open": true,
    "feeding_domains": [
      1,
      3,
      4,
      5,
      7,
      10,
      9,
      12,
      11,
      8,
      2,
      6
    ]
  }
},
{
  "model": "players.session",
  "pk": 4,
  "fields": {
    "name": "Inf\u00f6r session 4",
    "is_open": false,
    "feeding_domains": [
      1,
      3,
      4,
      5,
      7,
      10,
      9,
      12,
      11,
      8,
      2,
      6
    ]
  }
}
]
